ticker,alias,nome_do_ativo,categoria
EUR/USD,EURUSD,Euro vs US Dollar,Outros
USD/JPY,USDJPY,US Dollar vs Yen,Outros
USD/CHF,USDCHF,US Dollar vs Swiss Franc,Outros
GBP/USD,GBPUSD,Pound Sterling vs US Dollar,Outros
GBP/JPY,GBPJPY,Pound Sterling vs Yen,Outros
XAU/USD,XAUUSD,Gold vs US Dollar,Outros
XAG/USD,XAGUSD,Silver vs US Dollar,Outros
AUD/CAD,AUDCAD,Australian Dollar vs Canadian Dollar,Outros
EUR/JPY,EURJPY,Euro vs Yen,Outros
AUD/USD,AUDUSD,Australian Dollar vs US Dollar,Outros
0005.HK/HKD,0005,HSBC Holdings Plc,Outros
0027.HK/HKD,0027,Galaxy Entertainment Group Ltd,Outros
0175.HK/HKD,0175,Geely Automobile Holdings Ltd,Outros
0291.HK/HKD,0291,China Resources Beer Holdings Co Ltd,Outros
0386.HK/HKD,0386,Sinopec Corp,Outros
0388.HK/HKD,0388,HK Exchanges & Clearing Ltd,Outros
0700.HK/HKD,0700,Tencent Holdings Ltd,Outros
0857.HK/HKD,0857,PetroChina Co Ltd,Outros
0883.HK/HKD,0883,China National Offshore Oil Corporation Ltd,Outros
0939.HK/HKD,0939,China Construction Bank Corp,Outros
0941.HK/HKD,0941,China Mobile Ltd,Outros
0998.HK/HKD,0998,CITIC Bank International Corp Ltd,Outros
1093.HK/HKD,1093,CSPC Pharmaceutical Group Ltd,Outros
1177.HK/HKD,1177,Sino Biopharmeceutical Ltd,Outros
1288.HK/HKD,1288,Agricultural Bank of China Ltd,Outros
1299.HK/HKD,1299,AIA Group Ltd,Outros
1398.HK/HKD,1398,Industrial and Commercial Bank of China Ltd,Outros
1810.HK/HKD,1810,Xiaomi Corp,Outros
1918.HK/HKD,1918,Sunac China Holdings Ltd,Outros
2007.HK/HKD,2007,Country Garden Holdings Ltd,Outros
2018.HK/HKD,2018,AAC Technologies Holdings Inc,Outros
2318.HK/HKD,2318,Ping An Insurance Ltd,Outros
2388.HK/HKD,2388,BOC Hong Kong (Holdings) Ltd,Outros
2502.JP/JPY,2502,Asahi Group Holdings Ltd,Outros
2503.JP/JPY,2503,Kirin Brewery Co Ltd,Outros
2628.HK/HKD,2628,China Life Insurance Company Ltd,Outros
2822.HK/HKD,2822,2822 CSOP FTSE China A50 ETF,Outros
2828.HK/HKD,2828,Hang Seng H-Share Index ETF,Outros
2836.HK/HKD,2836,iShares Core S&P BSE SENSEX India ETF,Outros
2914.JP/JPY,2914,Japan Tobacco Inc,Outros
3188.HK/HKD,3188,ChinaAMC CSI 300 Index ETF,Outros
3333.HK/HKD,3333,3382.JP/JPY,Outros
Seven and I Holdings Co Ltd,SEVEN AND I HOLDINGS CO LTD,3436.JP/JPY,Outros
Sumco Corp,SUMCO CORP,3968.HK/HKD,Outros
China Merchants Bank Co Ltd,CHINA MERCHANTS BANK CO LTD,3988.HK/HKD,Outros
Bank of China Ltd,BANK OF CHINA LTD,4004.JP/JPY,Outros
Showa Denko KK,SHOWA DENKO KK,4005.JP/JPY,Outros
Sumitomo Chemical Co Ltd,SUMITOMO CHEMICAL CO LTD,4063.JP/JPY,Outros
Shin-Etsu Chemical Co Ltd,SHIN-ETSU CHEMICAL CO LTD,4452.JP/JPY,Outros
Kao Corp,KAO CORP,4502.JP/JPY,Outros
Takeda Pharmaceutical Co Ltd,TAKEDA PHARMACEUTICAL CO LTD,4503.JP/JPY,Outros
Astellas Pharma Inc,ASTELLAS PHARMA INC,4507.JP/JPY,Outros
Shionogi & Co Ltd,SHIONOGI & CO LTD,4523.JP/JPY,Outros
Eisai Co Ltd,EISAI CO LTD,4543.JP/JPY,Outros
Terumo Corp,TERUMO CORP,4689.JP/JPY,Outros
Z Holdings Corp,Z HOLDINGS CORP,4911.JP/JPY,Outros
Shiseido Co Ltd,SHISEIDO CO LTD,5108.JP/JPY,Outros
Bridgestone Corp,BRIDGESTONE CORP,5301.JP/JPY,Outros
Tokai Carbon Co Ltd,TOKAI CARBON CO LTD,5401.JP/JPY,Outros
Nippon Steel Corp,NIPPON STEEL CORP,6098.JP/JPY,Outros
Recruit Holdings Co Ltd,RECRUIT HOLDINGS CO LTD,6301.JP/JPY,Outros
Komatsu Ltd,KOMATSU LTD,6367.JP/JPY,Outros
Daikin Industries Ltd,DAIKIN INDUSTRIES LTD,6503.JP/JPY,Outros
Mitsubishi Electric Corp,MITSUBISHI ELECTRIC CORP,6506.JP/JPY,Outros
Yaskawa Electric Corp,YASKAWA ELECTRIC CORP,6702.JP/JPY,Outros
Fujitsu Ltd,FUJITSU LTD,6752.JP/JPY,Outros
Panasonic Corp,PANASONIC CORP,6758.JP/JPY,Outros
Sony Corp,SONY CORP,6762.JP/JPY,Outros
TDK Corp,TDK CORP,6902.JP/JPY,Outros
Denso Corp,DENSO CORP,6954.JP/JPY,Outros
FANUC Corp,FANUC CORP,6971.JP/JPY,Outros
Kyocera Corp,KYOCERA CORP,7201.JP/JPY,Outros
Nissan Motor Co Ltd,NISSAN MOTOR CO LTD,7203.JP/JPY,Outros
Toyota Motor Corp,TOYOTA MOTOR CORP,7261.JP/JPY,Outros
Mazda Motor Corp,MAZDA MOTOR CORP,7267.JP/JPY,Outros
Honda Motor Co Ltd,HONDA MOTOR CO LTD,7269.JP/JPY,Outros
Suzuki Motor Corp,SUZUKI MOTOR CORP,7270.JP/JPY,Outros
Subaru Corp,SUBARU CORP,7751.JP/JPY,Outros
Canon Inc,CANON INC,7974.JP/JPY,Outros
Nintendo Co Ltd,NINTENDO CO LTD,8031.JP/JPY,Outros
Mitsui & Co Ltd,MITSUI & CO LTD,8035.JP/JPY,Outros
Tokyo Electron Ltd,TOKYO ELECTRON LTD,8306.JP/JPY,Outros
Mitsubishi UFJ Financial Group Inc,MITSUBISHI UFJ FINANCIAL GROUP INC,8316.JP/JPY,Outros
Sumitomo Mitsui Financial Group Inc,SUMITOMO MITSUI FINANCIAL GROUP INC,8411.JP/JPY,Outros
Mizuho Financial Group Inc,MIZUHO FINANCIAL GROUP INC,8766.JP/JPY,Outros
Tokio Marine Holdings Inc,TOKIO MARINE HOLDINGS INC,8801.JP/JPY,Outros
Mitsui Fudosan Co Ltd,MITSUI FUDOSAN CO LTD,8802.JP/JPY,Outros
Mitsubishi Estate Co Ltd,MITSUBISHI ESTATE CO LTD,9020.JP/JPY,Outros
East Japan Railway Co,EAST JAPAN RAILWAY CO,9432.JP/JPY,Outros
Nippon Telegraph & Tel Corp,NIPPON TELEGRAPH & TEL CORP,9433.JP/JPY,Outros
KDDI Corp,KDDI CORP,9501.JP/JPY,Outros
Tokyo Electric Power Co Holdings Inc,TOKYO ELECTRIC POWER CO HOLDINGS INC,9983.JP/JPY,Outros
Fast Retailing Co Ltd,FAST RETAILING CO LTD,9984.JP/JPY,Outros
Softbank Group Corp,SOFTBANK GROUP CORP,A.US/USD,Outros
AGILENT TECHNOLOGIES INC,AGILENT TECHNOLOGIES INC,A2A.IT/EUR,Outros
A2A Spa,A2A SPA,AA.US/USD,Outros
ALCOA INC,ALCOA INC,AABV.US/USD,Outros
AbbVie Inc,ABBVIE INC,AAL.GB/GBX,Outros
Anglo American PLC,ANGLO AMERICAN PLC,AAL.US/USD,Outros
AMERICAN AIRLINES GROUP INC,AMERICAN AIRLINES GROUP INC,AAP.US/USD,Outros
ADVANCE AUTO PARTS INC,ADVANCE AUTO PARTS INC,AAPL.US/USD,Outros
APPLE INC,APPLE INC,ABBN.CH/CHF,Outros
ABB Ltd,ABB LTD,ABEV.US/USD,Outros
Ambev S.A.,AMBEV S,ABF.GB/GBX,Outros
Associated British Foods PLC,ASSOCIATED BRITISH FOODS PLC,ABI.BE/EUR,Outros
Anheuser-Busch InBev NV,ANHEUSER-BUSCH INBEV NV,ABT.US/USD,Outros
ABBOTT LABORATORIES,ABBOTT LABORATORIES,AC.FR/EUR,Outros
Accor SA,ACCOR SA,ACA.FR/EUR,Outros
Credit Agricole SA,CREDIT AGRICOLE SA,ACGL.US/USD,Outros
ARCH CAPITAL GROUP LTD,ARCH CAPITAL GROUP LTD,ACM.US/USD,Outros
AECOM,AECOM,ACN.US/USD,Outros
ACCENTURE PLC-CL A,ACCENTURE PLC-CL A,ACS.ES/EUR,Outros
ACS Actividades de Construccion y Servicios SA,ACS ACTIVIDADES DE CONSTRUCCION Y SERVICIOS SA,ACX.ES/EUR,Outros
Acerinox SA,ACERINOX SA,ADA/USD,Outros
Cardano vs US Dollar,CARDANO VS US DOLLAR,ADBE.US/USD,Outros
ADOBE SYSTEMS INC,ADOBE SYSTEMS INC,ADEN.CH/CHF,Outros
Adecco SA,ADECCO SA,ADI.US/USD,Outros
ANALOG DEVICES INC,ANALOG DEVICES INC,ADM.GB/GBX,Outros
Admiral Group PLC,ADMIRAL GROUP PLC,ADS.DE/EUR,Outros
Adidas AG,ADIDAS AG,ADSK.US/USD,Outros
AUTODESK INC,AUTODESK INC,AED/CNH,Outros
UAE Dirham vs Chinese Yuan,UAE DIRHAM VS CHINESE YUAN,AED/CZK,Outros
UAE Dirham vs Czech Koruna,UAE DIRHAM VS CZECH KORUNA,AED/HKD,Outros
UAE Dirham vs Hong Kong Dollar,UAE DIRHAM VS HONG KONG DOLLAR,AED/HUF,Outros
UAE Dirham vs Hungarian Forint,UAE DIRHAM VS HUNGARIAN FORINT,AED/JPY,Outros
UAE Dirham vs Yen,UAE DIRHAM VS YEN,AED/MXN,Outros
UAE Dirham vs Mexican Peso,UAE DIRHAM VS MEXICAN PESO,AED/RON,Outros
UAE Dirham vs Romanian Leu,UAE DIRHAM VS ROMANIAN LEU,AED/SAR,Outros
UAE Dirham vs Saudi Riyal,UAE DIRHAM VS SAUDI RIYAL,AED/THB,Outros
UAE Dirham vs Thai Baht,UAE DIRHAM VS THAI BAHT,AED/TRY,Outros
UAE Dirham vs Turkish Lira,UAE DIRHAM VS TURKISH LIRA,AED/ZAR,Outros
UAE Dirham vs Rand,UAE DIRHAM VS RAND,AENA.ES/EUR,Outros
Aena SA,AENA SA,AEP.US/USD,Outros
AMERICAN ELECTRIC POWER,AMERICAN ELECTRIC POWER,AF.FR/EUR,Outros
Air France-KLM,AIR FRANCE-KLM,AFG.US/USD,Outros
AMERICAN FINANCIAL GROUP INC,AMERICAN FINANCIAL GROUP INC,AGES.GB/GBX,Outros
iShares Ageing Population,ISHARES AGEING POPULATION,AGN.NL/EUR,Outros
Aegon NV,AEGON NV,AGNC.US/USD,Outros
AGNC INVESTMENT CORP,AGNC INVESTMENT CORP,AGS.BE/EUR,Outros
Ageas,AGEAS,AH.NL/EUR,Outros
Koninklijke Ahold Delhaize NV,KONINKLIJKE AHOLD DELHAIZE NV,AHT.GB/GBX,Outros
Ashtead Group PLC,ASHTEAD GROUP PLC,AI.FR/EUR,Outros
Air Liquide SA,AIR LIQUIDE SA,AIAI.GB/USD,Outros
L&G Artificial Intelligence,L&G ARTIFICIAL INTELLIGENCE,AIG.US/USD,Outros
AMERICAN INTERNATIONAL GROUP,AMERICAN INTERNATIONAL GROUP,AIR.FR/EUR,Outros
Airbus Group SE,AIRBUS GROUP SE,AJG.US/USD,Outros
ARTHUR J GALLAGHER & CO,ARTHUR J GALLAGHER & CO,AKZA.NL/EUR,Outros
Akzo Nobel NV,AKZO NOBEL NV,ALB.US/USD,Outros
ALBEMARLE CORP,ALBEMARLE CORP,ALFA.SE/SEK,Outros
Alfa Laval AB,ALFA LAVAL AB,ALFAA.MX/MXN,Outros
Alfa SA B A,ALFA SA B A,ALGN.US/USD,Outros
ALIGN TECHNOLOGY INC,ALIGN TECHNOLOGY INC,ALK.US/USD,Outros
ALASKA AIR GROUP INC,ALASKA AIR GROUP INC,ALKS.US/USD,Outros
ALKERMES PLC,ALKERMES PLC,ALL.US/USD,Outros
ALLSTATE CORP,ALLSTATE CORP,ALLE.US/USD,Outros
ALLEGION PLC,ALLEGION PLC,ALLY.US/USD,Outros
ALLY FINANCIAL INC,ALLY FINANCIAL INC,ALO.FR/EUR,Outros
Alstom SA,ALSTOM SA,ALSEA.MX/MXN,Outros
Alsea SAB de CV,ALSEA SAB DE CV,ALV.DE/EUR,Outros
Allianz SE,ALLIANZ SE,AMAT.US/USD,Outros
APPLIED MATERIALS INC,APPLIED MATERIALS INC,AMCR.US/USD,Outros
AMCOR PLC,AMCOR PLC,AMD.US/USD,Outros
ADVANCED MICRO DEVICES,ADVANCED MICRO DEVICES,AMGN.US/USD,Outros
AMGEN INC,AMGEN INC,AMH.US/USD,Outros
AMERICAN HOMES 4 RENT- A,AMERICAN HOMES 4 RENT- A,AMP.IT/EUR,Outros
Amplifon Spa,AMPLIFON SPA,AMP.US/USD,Outros
AMERIPRISE FINANCIAL INC,AMERIPRISE FINANCIAL INC,AMS.ES/EUR,Outros
Amadeus IT Holding SA,AMADEUS IT HOLDING SA,AMT.US/USD,Outros
AMERICAN TOWER CORP,AMERICAN TOWER CORP,AMWL.US/USD,Outros
American Well Corp. (Class A),AMERICAN WELL CORP,AMXL.MX/MXN,Outros
America Movil SAB de C SERL,AMERICA MOVIL SAB DE C SERL,AMZN.US/USD,Outros
AMAZON.COM INC,AMAZON,ANET.US/USD,Outros
ANSS.US/USD,ANSS,ANTO.GB/GBX,Outros
Antofagasta PLC,ANTOFAGASTA PLC,AON.US/USD,Outros
AON PLC-CLASS A,AON PLC-CLASS A,AOS.US/USD,Outros
SMITH (A.O.) CORP,SMITH (A,APA.US/USD,Outros
APACHE CORP,APACHE CORP,APD.US/USD,Outros
AIR PRODUCTS & CHEMICALS INC,AIR PRODUCTS & CHEMICALS INC,APP.ES/EUR,Outros
APTV.US/USD,APTV,AR.US/USD,Outros
ANTERO RESOURCES CORP,ANTERO RESOURCES CORP,ARCA.MX/MXN,Outros
Arca Continental SAB de CV,ARCA CONTINENTAL SAB DE CV,ARE.US/USD,Outros
ALEXANDRIA REAL ESTATE EQUIT,ALEXANDRIA REAL ESTATE EQUIT,ARKI.US/USD,Outros
ARK Artificial Intelligence & Robotics UCITS ETF,ARK ARTIFICIAL INTELLIGENCE & ROBOTICS UCITS ETF,ARKQ.US/USD,Outros
ARK Atunonomous Technology & Robotics,ARK ATUNONOMOUS TECHNOLOGY & ROBOTICS,ARKX.US/USD,Outros
ARK Space exporation & INNO,ARK SPACE EXPORATION & INNO,ARMK.US/USD,Outros
ARAMARK,ARAMARK,ARW.US/USD,Outros
ARROW ELECTRONICS INC,ARROW ELECTRONICS INC,ASML.NL/EUR,Outros
ASML Holding NV,ASML HOLDING NV,ASURB.MX/MXN,Outros
Grupo Aeroportuario del Sureste,GRUPO AEROPORTUARIO DEL SURESTE,ATCOA.SE/SEK,Outros
Atlas Copco AB,ATLAS COPCO AB,ATO.US/USD,Outros
ATMOS ENERGY CORP,ATMOS ENERGY CORP,AUD/AED,Outros
Australian Dollar vs UAE Dirham,AUSTRALIAN DOLLAR VS UAE DIRHAM,AUD/CHF,Outros
Australian Dollar vs Swiss Franc,AUSTRALIAN DOLLAR VS SWISS FRANC,AUD/CNH,Outros
Australian Dollar vs Chinese Yuan,AUSTRALIAN DOLLAR VS CHINESE YUAN,AUD/CZK,Outros
Australian Dollar vs Czech Koruna,AUSTRALIAN DOLLAR VS CZECH KORUNA,AUD/DKK,Outros
Australian Dollar vs Danish Krone,AUSTRALIAN DOLLAR VS DANISH KRONE,AUD/HKD,Outros
Australian Dollar vs Hong Kong Dollar,AUSTRALIAN DOLLAR VS HONG KONG DOLLAR,AUD/HUF,Outros
Australian Dollar vs Hungarian Forint,AUSTRALIAN DOLLAR VS HUNGARIAN FORINT,AUD/ILS,Outros
Australian Dollar vs Israeli Shekel,AUSTRALIAN DOLLAR VS ISRAELI SHEKEL,AUD/JPY,Outros
Australian Dollar vs Yen,AUSTRALIAN DOLLAR VS YEN,AUD/MXN,Outros
Australian Dollar vs Mexican Peso,AUSTRALIAN DOLLAR VS MEXICAN PESO,AUD/NOK,Outros
Australian Dollar vs Norwegian Krone,AUSTRALIAN DOLLAR VS NORWEGIAN KRONE,AUD/NZD,Outros
Australian Dollar vs New Zealand Dollar,AUSTRALIAN DOLLAR VS NEW ZEALAND DOLLAR,AUD/PLN,Outros
Australian Dollar vs Zloty,AUSTRALIAN DOLLAR VS ZLOTY,AUD/SAR,Outros
Australian Dollar vs Saudi Riyal,AUSTRALIAN DOLLAR VS SAUDI RIYAL,AUD/SEK,Outros
Australian Dollar vs Swedish Krona,AUSTRALIAN DOLLAR VS SWEDISH KRONA,AUD/SGD,Outros
Australian Dollar vs Singapore Dollar,AUSTRALIAN DOLLAR VS SINGAPORE DOLLAR,AUD/THB,Outros
Australian Dollar vs Thai Baht,AUSTRALIAN DOLLAR VS THAI BAHT,AUD/TRY,Outros
Australian Dollar vs Turkish Lira,AUSTRALIAN DOLLAR VS TURKISH LIRA,AUD/ZAR,Outros
Australian Dollar vs Rand,AUSTRALIAN DOLLAR VS RAND,AUS.IDX/AUD,Outros
Australia 200 Index,AUSTRALIA 200 INDEX,AV.GB/GBX,Outros
Aviva PLC,AVIVA PLC,AVB.US/USD,Outros
AVALONBAY COMMUNITIES INC,AVALONBAY COMMUNITIES INC,AVE/USD,Outros
Aave vs US Dollar,AAVE VS US DOLLAR,AVGO.US/USD,Outros
Broadcom Limited,BROADCOM LIMITED,AVTR.US/USD,Outros
AVANTOR INC,AVANTOR INC,AWAY.US/USD,Outros
Amplify Travel TECH ETF,AMPLIFY TRAVEL TECH ETF,AWK.US/USD,Outros
AMERICAN WATER WORKS CO INC,AMERICAN WATER WORKS CO INC,AXP.US/USD,Outros
AMERICAN EXPRESS CO,AMERICAN EXPRESS CO,AXTA.US/USD,Outros
AXALTA COATING SYSTEMS LTD,AXALTA COATING SYSTEMS LTD,AZM.IT/EUR,Outros
Azimut Holding Spa,AZIMUT HOLDING SPA,AZN.GB/GBX,Outros
AstraZeneca PLC,ASTRAZENECA PLC,AZN.US/USD,Outros
AstraZeneca PLC,ASTRAZENECA PLC,AZPN.US/USD,Outros
BA.GB/GBX,BA,BAE Systems PLC,Outros
BA.US/USD,BA,Boeing Co,Outros
BAB.GB/GBX,BAB,Babcock International Group PLC,Outros
BABA.US/USD,BABA,ALIBABA GROUP HOLDING-SP ADR,Outros
BAC.US/USD,BAC,BANK OF AMERICA CORP,Outros
BAER.CH/CHF,BAER,Julius Baer Group Ltd,Outros
BAH.US/USD,BAH,BOOZ ALLEN HAMILTON HOLDINGS,Outros
BAMI.IT/EUR,BAMI,Banco BPM Spa,Outros
BARC.GB/GBX,BARC,Barclays PLC,Outros
BAS.DE/EUR,BAS,BASF SE,Outros
BAT/USD,BATUSD,Basic Attnetion Token vs US Dollar,Outros
BATS.GB/GBX,BATS,British American Tobacco PLC,Outros
BAYN.DE/EUR,BAYN,Bayer AG,Outros
BBAJIOO.MX/MXN,BBAJIOO,Banco Del Bajio SA,Outros
BBD.US/USD,BBD,Banco Bradesco S.A.,Outros
BBVA.ES/EUR,BBVA,Banco Bilbao Vizcaya Argentaria SA,Outros
BBWI.US/USD,BBWI,BATH & BODY WORKS INC,Outros
BBY.US/USD,BBY,BEST BUY CO INC,Outros
BC.IT/EUR,BC,Brunello Cucinelli Spa,Outros
BCH/CHF,BCHCHF,Bitcoin Cash vs Swiss Franc,Outros
BCH/EUR,BCHEUR,Bitcoin Cash vs Euro,Outros
BCH/GBP,BCHGBP,Bitcoin Cash vs Pound Sterling,Outros
BCH/USD,BCHUSD,Bitcoin Cash vs US Dollar,Outros
BDEV.GB/GBX,BDEV,BARRATT DEVELOPMENTS PLC,Outros
BEI.DE/EUR,BEI,Beiersdorf AG,Outros
BELG.BE/EUR,BELG,Proximus,Outros
BERY.US/USD,BERY,BG.US/USD,Outros
BIDU.US/USD,BIDU,BAIDU INC - SPON ADR,Outros
BIIB.US/USD,BIIB,BIOGEN INC,Outros
BIO.US/USD,BIO,BIO-RAD LABORATORIES-A,Outros
BIRG.IE/EUR,BIRG,Bank Of Ireland Plc,Outros
BITO.US/USD,BITO,ProShares Bitcoin Strategy ETF,Outros
BK.US/USD,BK,BANK OF NEW YORK MELLON CORP,Outros
BKR.US/USD,BKR,BAKER HUGHES CO,Outros
BLND.GB/GBX,BLND,British Land Co PLC,Outros
BLT.GB/GBX,BLT,BHP Billiton PLC,Outros
BMRN.US/USD,BMRN,BIOMARIN PHARMACEUTICAL INC,Outros
BMW.DE/EUR,BMW,Bayerische Motoren Werke AG,Outros
BMY.US/USD,BMY,BRISTOL-MYERS SQUIBB CO,Outros
BN.FR/EUR,BN,Danone SA,Outros
BNP.FR/EUR,BNP,BNP Paribas SA,Outros
BNR.DE/EUR,BNR,BRENNTAG SE,Outros
BNZL.GB/GBX,BNZL,Bunzl PLC,Outros
BOLSAA.MX/MXN,BOLSAA,Bolsa Mexicana de Valores SAB de CV,Outros
BOSS.DE/EUR,BOSS,HUGO BOSS AG,Outros
BP.US/USD,BP,BP p.l.c.,Outros
BPE.IT/EUR,BPE,Bper Banca Spa,Outros
BPOP.US/USD,BPOP,POPULAR INC,Outros
BR.US/USD,BR,BROADRIDGE FINANCIAL SOLUTIO,Outros
BRBY.GB/GBX,BRBY,Burberry Group PLC,Outros
BRE.IT/EUR,BRE,Brembo Spa,Outros
BRENT.CMD/USD,BRENT,Brent Crude Oil,Outros
BRKB.US/USD,BRKB,BERKSHIRE HATHAWAY INC-CL B,Outros
BRKR.US/USD,BRKR,BRUKER CORP,Outros
BRO.US/USD,BRO,BROWN & BROWN INC,Outros
BRX.US/USD,BRX,BRIXMOR PROPERTY GROUP INC,Outros
BSX.US/USD,BSX,BOSTON SCIENTIFIC CORP,Outros
BT.GB/GBX,BT,BT Group PLC,Outros
BTC/CHF,BTCCHF,Bitcoin vs Swiss Franc,Outros
BTC/EUR,BTCEUR,Bitcoin vs Euro,Outros
BTC/GBP,BTCGBP,Bitcoin vs Pound Sterling,Outros
BTC/USD,BTCUSD,Bitcoin vs US Dollar,Outros
BTF.US/USD,BTF,Valkyrie Bitcoin Strategy ETF,Outros
BUGG.GB/GBP,BUGG,Global X Cybersecurity Ucits ETF,Outros
BUND.TR/EUR,BUND,Euro Bund,Outros
BURL.US/USD,BURL,BURLINGTON STORES INC,Outros
BWA.US/USD,BWA,BORGWARNER INC,Outros
BYND.US/USD,BYND,BEYOND MEAT INC,Outros
BZU.IT/EUR,BZU,Buzzi Unicem Spa,Outros
C.US/USD,C,CITIGROUP INC,Outros
CA.FR/EUR,CA,Carrefour SA,Outros
CABK.ES/EUR,CABK,CaixaBank,Outros
CACC.US/USD,CACC,CREDIT ACCEPTANCE CORP,Outros
CACI.US/USD,CACI,CACI INTERNATIONAL INC -CL A,Outros
CAD/AED,CADAED,Canadian Dollar vs UAE Dirham,Outros
CAD/CHF,CADCHF,Canadian Dollar vs Swiss Franc,Outros
CAD/CNH,CADCNH,Canadian Dollar vs Chinese Yuan,Outros
CAD/CZK,CADCZK,Canadian Dollar vs Czech Koruna,Outros
CAD/DKK,CADDKK,Canadian Dollar vs Danish Krone,Outros
CAD/HKD,CADHKD,Canadian Dollar vs Hong Kong Dollar,Outros
CAD/HUF,CADHUF,Canadian Dollar vs Hungarian Forint,Outros
CAD/ILS,CADILS,Canadian Dollar vs Israeli Shekel,Outros
CAD/JPY,CADJPY,Canadian Dollar vs Yen,Outros
CAD/MXN,CADMXN,Canadian Dollar vs Mexican Peso,Outros
CAD/NOK,CADNOK,Canadian Dollar vs Norwegian Krone,Outros
CAD/PLN,CADPLN,Canadian Dollar vs Zloty,Outros
CAD/RON,CADRON,Canadian Dollar vs Romanian Leu,Outros
CAD/SAR,CADSAR,Canadian Dollar vs Saudi Riyal,Outros
CAD/SEK,CADSEK,Canadian Dollar vs Swedish Krona,Outros
CAD/SGD,CADSGD,Canadian Dollar vs Singapore Dollar,Outros
CAD/THB,CADTHB,Canadian Dollar vs Thai Baht,Outros
CAD/TRY,CADTRY,Canadian Dollar vs Turkish Lira,Outros
CAD/ZAR,CADZAR,Canadian Dollar vs Rand,Outros
CAG.US/USD,CAG,CONAGRA FOODS INC,Outros
CAH.US/USD,CAH,CARDINAL HEALTH INC,Outros
CAP.FR/EUR,CAP,Cap Gemini SA,Outros
CARLB.DK/DKK,CARLB,Carlsberg A/S,Outros
CARR.US/USD,CARR,CARRIER GLOBAL CORP,Outros
CASY.US/USD,CASY,CASEY'S GENERAL STORES INC,Outros
CAT.US/USD,CAT,CATERPILLAR INC,Outros
CB.US/USD,CB,CHUBB LTD,Outros
CBK.DE/EUR,CBK,Commerzbank AG,Outros
CBOE.US/USD,CBOE,CBOE GLOBAL MARKETS INC,Outros
CCI.US/USD,CCI,CROWN CASTLE INTL CORP,Outros
CCK.US/USD,CCK,CROWN HOLDINGS INC,Outros
CCL.GB/GBX,CCL,Carnival PLC,Outros
CCL.US/USD,CCL,CARNIVAL CORP,Outros
CDAY.US/USD,CDAY,CERIDIAN HCM HOLDING INC,Outros
CDEV.US/USD,CDEV,CENTENNIAL RESOURCE DEVELO-A / Permian Resources Corp,Outros
CDNS.US/USD,CDNS,CADENCE DESIGN SYS INC,Outros
CDW.US/USD,CDW,CDW CORP/DE,Outros
CE.US/USD,CE,CELANESE CORP,Outros
CEMEXCPO.MX/MXN,CEMEXCPO,Cemex Sab de CV,Outros
CF.US/USD,CF,CF INDUSTRIES HOLDINGS INC,Outros
CFG.US/USD,CFG,CITIZENS FINANCIAL GROUP,Outros
CFR.CH/CHF,CFR,Richemont,Outros
CFR.US/USD,CFR,CULLEN/FROST BANKERS INC,Outros
CGNX.US/USD,CGNX,COGNEX CORP,Outros
CHD.US/USD,CHD,CHURCH & DWIGHT CO INC,Outros
CHE.IDX/CHF,CHE,Switzerland 20 Index,Outros
CHF/AED,CHFAED,Swiss Franc vs UAE Dirham,Outros
CHF/CNH,CHFCNH,Swiss Franc vs Chinese Yuan,Outros
CHF/CZK,CHFCZK,Swiss Franc vs Czech Koruna,Outros
CHF/DKK,CHFDKK,Swiss Franc vs Danish Krone,Outros
CHF/HKD,CHFHKD,Swiss Franc vs Hong Kong Dollar,Outros
CHF/HUF,CHFHUF,Swiss Franc vs Hungarian Forint,Outros
CHF/ILS,CHFILS,Swiss Franc vs Israeli Shekel,Outros
CHF/JPY,CHFJPY,Swiss Franc vs Yen,Outros
CHF/MXN,CHFMXN,Swiss Franc vs Mexican Peso,Outros
CHF/NOK,CHFNOK,Swiss Franc vs Norwegian Krone,Outros
CHF/PLN,CHFPLN,Swiss Franc vs Zloty,Outros
CHF/RON,CHFRON,Swiss Franc vs Romanian Leu,Outros
CHF/SAR,CHFSAR,Swiss Franc vs Saudi Riyal,Outros
CHF/SEK,CHFSEK,Swiss Franc vs Swedish Krona,Outros
CHF/SGD,CHFSGD,Swiss Franc vs Singapore Dollar,Outros
CHF/THB,CHFTHB,Swiss Franc vs Thai Baht,Outros
CHF/TRY,CHFTRY,Swiss Franc vs Turkish Lira,Outros
CHF/ZAR,CHFZAR,Swiss Franc vs Rand,Outros
CHI.IDX/USD,CHI,China A50 Index,Outros
CI.US/USD,CI,CIGNA CORP,Outros
CL.US/USD,CL,COLGATE-PALMOLIVE CO,Outros
CLN.CH/CHF,CLN,Clariant AG,Outros
CMCSA.US/USD,CMCSA,COMCAST CORP-CLASS A,Outros
CME.US/USD,CME,CME GROUP INC,Outros
CMG.US/USD,CMG,CHIPOTLE MEXICAN GRILL INC,Outros
CMP/USD,CMPUSD,Compound vs US Dollar,Outros
CNA.GB/GBX,CNA,Centrica PLC,Outros
CNC.US/USD,CNC,CENTENE CORP,Outros
CNDX.GB/USD,CNDX,iShares NASDAQ 100 UCITS ETF,Outros
CNH/CZK,CNHCZK,Chinese Yuan vs Czech Koruna,Outros
CNH/HKD,CNHHKD,Chinese Yuan vs Hong Kong Dollar,Outros
CNH/HUF,CNHHUF,Chinese Yuan vs Hungarian Forint,Outros
CNH/JPY,CNHJPY,Chinese Yuan vs Yen,Outros
CNH/MXN,CNHMXN,Chinese Yuan vs Mexican Peso,Outros
CNH/THB,CNHTHB,Chinese Yuan vs Thai Baht,Outros
CNH/TRY,CNHTRY,Chinese Yuan vs Turkish Lira,Outros
CNH/ZAR,CNHZAR,Chinese Yuan vs Rand,Outros
COCOA.CMD/USD,COCOA,US Cocoa,Outros
COF.US/USD,COF,COFFEE.CMD/USX,Outros
Coffee Arabica,COFFEE ARABICA,COLD.US/USD,Outros
AMERICOLD REALTY TRUST,AMERICOLD REALTY TRUST,COLOB.DK/DKK,Outros
Coloplast A/S,COLOPLAST AS,CON.DE/EUR,Outros
Continental AG,CONTINENTAL AG,COO.US/USD,Outros
COOPER COS INC/THE,COOPER COS INCTHE,COP.US/USD,Outros
CONOCOPHILLIPS,CONOCOPHILLIPS,COPPER.CMD/USD,Outros
High Grade Copper,HIGH GRADE COPPER,COST.US/USD,Outros
COSTCO WHOLESALE CORP,COSTCO WHOLESALE CORP,COTTON.CMD/USX,Outros
Cotton,COTTON,COV.DE/EUR,Outros
Covestro AG,COVESTRO AG,CPG.GB/GBX,Outros
Compass Group PLC,COMPASS GROUP PLC,CPI.GB/GBX,Outros
Capita PLC,CAPITA PLC,CPR.IT/EUR,Outros
Davide Campari-Milano Spa,DAVIDE CAMPARI-MILANO SPA,CPRI.US/USD,Outros
CAPRI HOLDINGS LTD,CAPRI HOLDINGS LTD,CPRT.US/USD,Outros
COPART INC,COPART INC,CPT.US/USD,Outros
CAMDEN PROPERTY TRUST,CAMDEN PROPERTY TRUST,CRDA.GB/GBX,Outros
Croda International PLC,CRODA INTERNATIONAL PLC,CRH.GB/GBX,Outros
CRH PLC,CRH PLC,CRL.US/USD,Outros
CHARLES RIVER LABORATORIES,CHARLES RIVER LABORATORIES,CRM.US/USD,Outros
SALESFORCE.COM INC,SALESFORCE,CS.FR/EUR,Outros
AXA SA,AXA SA,CSCO.US/USD,Outros
CISCO SYSTEMS INC,CISCO SYSTEMS INC,CSGP.US/USD,Outros
COSTAR GROUP INC,COSTAR GROUP INC,CSH2.FR/EUR,Outros
EUR Deposit Interest Rates vs Euro,EUR DEPOSIT INTEREST RATES VS EURO,CSH2.GB/GBX,Outros
GBP Deposit Interest Rates vs,GBP DEPOSIT INTEREST RATES VS,CSL.US/USD,Outros
CARLISLE COS INC,CARLISLE COS INC,CSX.US/USD,Outros
CSX CORP,CSX CORP,CTL.US/USD,Outros
CENTURYLINK INC,CENTURYLINK INC,CTLT.US/USD,Outros
CTSH.US/USD,CTSH,COGNIZANT TECH SOLUTIONS-A,Outros
CTVA.US/USD,CTVA,CORTEVA INC,Outros
CUBE.US/USD,CUBE,CUBESMART,Outros
CVNA.US/USD,CVNA,CARVANA CO,Outros
CVS.US/USD,CVS,CVS HEALTH CORP,Outros
CVX.US/USD,CVX,CHEVRON CORP,Outros
CYSE.GB/GBX,CYSE,WisdomTree Cybersecurity UCITS ETF USD,Outros
CZK/HUF,CZKHUF,Czech Koruna vs Hungarian Forint,Outros
CZK/JPY,CZKJPY,Czech Koruna vs Yen,Outros
CZK/THB,CZKTHB,Czech Koruna vs Thai Baht,Outros
CZK/TRY,CZKTRY,Czech Koruna vs Turkish Lira,Outros
CZR.US/USD,CZR,CAESARS ENTERTAINMENT INC,Outros
D.US/USD,D,DOMINION RESOURCES INC/VA,Outros
DAI.DE/EUR,DAI,Daimler AG,Outros
DAL.US/USD,DAL,DELTA AIR LINES INC,Outros
DAN.IT/EUR,DAN,Danieli & C. Officine Meccaniche S.p.A.,Outros
DANSKE.DK/DKK,DANSKE,Danske Bank A/S,Outros
DB1.DE/EUR,DB1,Deutsche Boerse AG,Outros
DBK.DE/EUR,DBK,Deutsche Bank AG,Outros
DBX.US/USD,DBX,DROPBOX INC-CLASS A,Outros
DCC.GB/GBX,DCC,DCC PLC,Outros
DE.US/USD,DE,DEERE & CO,Outros
DELL.US/USD,DELL,DELL TECHNOLOGIES -C,Outros
DEU.IDX/EUR,DEU,Germany 40 Index,Outros
DFNG.GB/GBP,DFNG,VanECK Defense,Outros
DFS.US/USD,DFS,DG.FR/EUR,Outros
Vinci SA,VINCI SA,DG.US/USD,Outros
DOLLAR GENERAL CORP,DOLLAR GENERAL CORP,DGE.GB/GBX,Outros
Diageo PLC,DIAGEO PLC,DHI.US/USD,Outros
DR HORTON INC,DR HORTON INC,DHR.DE/EUR,Outros
Delivery Hero AG,DELIVERY HERO AG,DHR.US/USD,Outros
DANAHER CORP,DANAHER CORP,DIA.IT/EUR,Outros
Diasorin Spa,DIASORIN SPA,DIA.US/USD,Outros
SPDR Dow Jones Industrial Average ETF,SPDR DOW JONES INDUSTRIAL AVERAGE ETF,DIESEL.CMD/USD,Outros
Gasoil,GASOIL,DIS.US/USD,Outros
WALT DISNEY CO/THE,WALT DISNEY COTHE,DKK/AED,Outros
Danish Krone vs UAE Dirham,DANISH KRONE VS UAE DIRHAM,DKK/CNH,Outros
Danish Krone vs Chinese Yuan,DANISH KRONE VS CHINESE YUAN,DKK/CZK,Outros
Danish Krone vs Czech Koruna,DANISH KRONE VS CZECH KORUNA,DKK/HKD,Outros
Danish Krone vs Hong Kong Dollar,DANISH KRONE VS HONG KONG DOLLAR,DKK/HUF,Outros
Danish Krone vs Hungarian Forint,DANISH KRONE VS HUNGARIAN FORINT,DKK/ILS,Outros
Danish Krone vs Israeli Shekel,DANISH KRONE VS ISRAELI SHEKEL,DKK/JPY,Outros
Danish Krone vs Yen,DANISH KRONE VS YEN,DKK/MXN,Outros
Danish Krone vs Mexican Peso,DANISH KRONE VS MEXICAN PESO,DKK/RON,Outros
Danish Krone vs Romanian Leu,DANISH KRONE VS ROMANIAN LEU,DKK/SAR,Outros
Danish Krone vs Saudi Riyal,DANISH KRONE VS SAUDI RIYAL,DKK/THB,Outros
Danish Krone vs Thai Baht,DANISH KRONE VS THAI BAHT,DKK/TRY,Outros
Danish Krone vs Turkish Lira,DANISH KRONE VS TURKISH LIRA,DKK/ZAR,Outros
Danish Krone vs Rand,DANISH KRONE VS RAND,DKS.US/USD,Outros
DICK'S SPORTING GOODS INC,DICK'S SPORTING GOODS INC,DLR.US/USD,Outros
DIGITAL REALTY TRUST INC,DIGITAL REALTY TRUST INC,DLTR.US/USD,Outros
DOLLAR TREE INC,DOLLAR TREE INC,DOCU.US/USD,Outros
DOCUSIGN INC,DOCUSIGN INC,DOLLAR.IDX/USD,Outros
US Dollar Index,US DOLLAR INDEX,DOX.US/USD,Outros
AMDOCS LTD,AMDOCS LTD,DPW.DE/EUR,Outros
DHL Group,DHL GROUP,DPZ.US/USD,Outros
DOMINO'S PIZZA INC,DOMINO'S PIZZA INC,DSB.FR/EUR,Outros
LYXOR ETF Daily X2 Short Bund,LYXOR ETF DAILY X2 SHORT BUND,DSH/USD,Outros
Dashcoin vs US Dollar,DASHCOIN VS US DOLLAR,DSM.NL/EUR,Outros
Koninklijke DSM NV,KONINKLIJKE DSM NV,DSY.FR/EUR,Outros
DASSAULT SYSTEMES SE,DASSAULT SYSTEMES SE,DT.US/USD,Outros
DYNATRACE INC,DYNATRACE INC,DTE.DE/EUR,Outros
Deutsche Telekom AG,DEUTSCHE TELEKOM AG,DUK.US/USD,Outros
DUKE ENERGY CORP,DUKE ENERGY CORP,DVA.US/USD,Outros
DAVITA HEALTHCARE PARTNERS I,DAVITA HEALTHCARE PARTNERS I,DVN.US/USD,Outros
DEVON ENERGY CORP,DEVON ENERGY CORP,DVY.US/USD,Outros
iShares Select Dividend ETF,ISHARES SELECT DIVIDEND ETF,DXC.US/USD,Outros
DXC TECHNOLOGY CO,DXC TECHNOLOGY CO,DXCM.US/USD,Outros
DEXCOM INC,DEXCOM INC,EA.US/USD,Outros
ELECTRONIC ARTS INC,ELECTRONIC ARTS INC,EBAY.US/USD,Outros
EBAY INC,EBAY INC,EBR.ES/EUR,Outros
Ebro Foods SA,EBRO FOODS SA,EBS.AT/EUR,Outros
Erste Group Bank AG,ERSTE GROUP BANK AG,ECAR.GB/USD,Outros
iShares Electric Vehicles and Driving Technology UCITS ETF,ISHARES ELECTRIC VEHICLES AND DRIVING TECHNOLOGY UCITS ETF,ECM.GB/GBX,Outros
ELECTROCOMPONENTS PLC,ELECTROCOMPONENTS PLC,EDP.PT/EUR,Outros
EDP - Energias de Portugal SA,EDP - ENERGIAS DE PORTUGAL SA,EEFT.US/USD,Outros
EURONET WORLDWIDE INC,EURONET WORLDWIDE INC,EEM.US/USD,Outros
iShares MSCI Emerging Markets ETF,ISHARES MSCI EMERGING MARKETS ETF,EFA.US/USD,Outros
iShares MSCI EAFE ETF,ISHARES MSCI EAFE ETF,EFX.US/USD,Outros
EQUIFAX INC,EQUIFAX INC,EHC.US/USD,Outros
ENCOMPASS HEALTH CORP,ENCOMPASS HEALTH CORP,EIX.US/USD,Outros
EDISON INTERNATIONAL,EDISON INTERNATIONAL,EL.US/USD,Outros
ESTEE LAUDER COMPANIES-CL A,ESTEE LAUDER COMPANIES-CL A,ELAN.US/USD,Outros
ELANCO ANIMAL HEALTH INC,ELANCO ANIMAL HEALTH INC,ELE.ES/EUR,Outros
Endesa SA,ENDESA SA,ELEKTRA.MX/MXN,Outros
ELI1V.FI/EUR,ELI1V,Elisa OYJ,Outros
ELS.US/USD,ELS,EQUITY LIFESTYLE PROPERTIES,Outros
ELUXB.SE/SEK,ELUXB,Electrolux AB,Outros
EMB.US/USD,EMB,iShares J.P. Morgan USD Emerging Markets Bond ETF,Outros
EMR.US/USD,EMR,EMERSON ELECTRIC CO,Outros
EN.FR/EUR,EN,Bouygues SA,Outros
ENEL.IT/EUR,ENEL,Enel SpA,Outros
ENG.ES/EUR,ENG,Enagas SA,Outros
ENGI.FR/EUR,ENGI,Engie,Outros
ENI.IT/EUR,ENI,ENI Spa,Outros
ENJ/USD,ENJUSD,Enjin vs US Dollar,Outros
ENPH.US/USD,ENPH,ENPHASE ENERGY INC,Outros
ENTG.US/USD,ENTG,ENTEGRIS INC,Outros
EOAN.DE/EUR,EOAN,E.ON SE,Outros
EOG.US/USD,EOG,EOG RESOURCES INC,Outros
EPAM.US/USD,EPAM,EPAM SYSTEMS INC,Outros
EQH.US/USD,EQH,EQUITABLE HOLDINGS INC,Outros
EQT.US/USD,EQT,EQT CORP,Outros
ERG.IT/EUR,ERG,ERG Spa,Outros
ERICB.SE/SEK,ERICB,Telefonaktiebolaget LM Ericsson,Outros
ES.US/USD,ES,EVERSOURCE ENERGY,Outros
ESIH.GB/GBP,ESIH,iShares MSCI Europe Health Care Sector UCITS ETF,Outros
ESP.IDX/EUR,ESP,Spain 35 Index,Outros
ESPO.US/USD,ESPO,Vaneck Video Game Esport ETF,Outros
ESS.US/USD,ESS,ESSEX PROPERTY TRUST INC,Outros
ESTC.US/USD,ESTC,ELASTIC NV,Outros
ETH/CHF,ETHCHF,Ether vs Swiss Franc,Outros
ETH/EUR,ETHEUR,Ether vs Euro,Outros
ETH/GBP,ETHGBP,Ether vs Pound Sterling,Outros
ETH/USD,ETHUSD,Ether vs US Dollar,Outros
ETN.US/USD,ETN,EATON CORP PLC,Outros
ETSY.US/USD,ETSY,ETSY INC,Outros
EUR/AED,EURAED,Euro vs UAE Dirham,Outros
EUR/AUD,EURAUD,Euro vs Australian Dollar,Outros
EUR/CAD,EURCAD,Euro vs Canadian Dollar,Outros
EUR/CHF,EURCHF,Euro vs Swiss Franc,Outros
EUR/CNH,EURCNH,Euro vs Chinese Yuan,Outros
EUR/CZK,EURCZK,Euro vs Czech Koruna,Outros
EUR/DKK,EURDKK,Euro vs Danish Krone,Outros
EUR/GBP,EURGBP,Euro vs Pound Sterling,Outros
EUR/HKD,EURHKD,Euro vs Hong Kong Dollar,Outros
EUR/HUF,EURHUF,Euro vs Hungarian Forint,Outros
EUR/ILS,EURILS,Euro vs Israeli Shekel,Outros
EUR/MXN,EURMXN,Euro vs Mexican Peso,Outros
EUR/NOK,EURNOK,Euro vs Norwegian Krone,Outros
EUR/NZD,EURNZD,Euro vs New Zealand Dollar,Outros
EUR/PLN,EURPLN,Euro vs Zloty,Outros
EUR/RON,EURRON,Euro vs Romanian Leu,Outros
EUR/SAR,EURSAR,Euro vs Saudi Riyal,Outros
EUR/SEK,EURSEK,Euro vs Swedish Krona,Outros
EUR/SGD,EURSGD,Euro vs Singapore Dollar,Outros
EUR/THB,EURTHB,Euro vs Thai Baht,Outros
EUR/TRY,EURTRY,Euro vs Turkish Lira,Outros
EUR/ZAR,EURZAR,Euro vs Rand,Outros
EUS.IDX/EUR,EUS,EU Stocks 50 Index,Outros
EVRG.US/USD,EVRG,EVERGY INC,Outros
EW.US/USD,EW,EDWARDS LIFESCIENCES CORP,Outros
EWBC.US/USD,EWBC,EAST WEST BANCORP INC,Outros
EWH.US/USD,EWH,iShares MSCI Hong Kong ETF,Outros
EWJ.US/USD,EWJ,iShares MSCI Japan ETF,Outros
EWW.US/USD,EWW,iShares MSCI Mexico Capped ETF,Outros
EWZ.US/USD,EWZ,iShares MSCI Brazil Capped isin,Outros
EXC.US/USD,EXC,EXELON CORP,Outros
EXEL.US/USD,EXEL,EXELIXIS INC,Outros
EXPE.US/USD,EXPE,EXPEDIA INC,Outros
EXPN.GB/GBX,EXPN,Experian PLC,Outros
EXR.US/USD,EXR,EXTRA SPACE STORAGE INC,Outros
EZJ.GB/GBX,EZJ,easyJet PLC,Outros
EZU.US/USD,EZU,iShares MSCI EMU ETF,Outros
F.US/USD,F,FORD MOTOR CO,Outros
FANG.US/USD,FANG,DIAMONDBACK ENERGY INC,Outros
FB.US/USD,FB,FACEBOOK INC-A / Meta,Outros
FBK.IT/EUR,FBK,FinecoBank Banca Fineco Spa,Outros
FCA.IT/EUR,FCA,Fiat Chrysler Auto NV,Outros
FCNCA.US/USD,FCNCA,FIRST CITIZENS BCSHS -CL A,Outros
FCX.US/USD,FCX,FREEPORT-MCMORAN INC,Outros
FDS.US/USD,FDS,FACTSET RESEARCH SYSTEMS INC,Outros
FDX.US/USD,FDX,FEDEX CORP,Outros
FE.US/USD,FE,FIRSTENERGY CORP,Outros
FEMSAUBD.MX/MXN,FEMSAUBD,Fomento Economico Mexica UBD,Outros
FER.ES/EUR,FER,Ferrovial SA,Outros
FICO.US/USD,FICO,FAIR ISAAC CORP,Outros
FINX.US/USD,FINX,Global X Fintech ETF,Outros
FITB.US/USD,FITB,FIFTH THIRD BANCORP,Outros
FIVE.US/USD,FIVE,FIVE BELOW,Outros
FL.US/USD,FL,FLT.US/USD,Outros
FLEETCOR TECHNOLOGIES INC,FLEETCOR TECHNOLOGIES INC,FME.DE/EUR,Outros
Fresenius Medical Care AG & Co KGaA,FRESENIUS MEDICAL CARE AG & CO KGAA,FND.US/USD,Outros
FLOOR & DECOR HOLDINGS INC-A,FLOOR & DECOR HOLDINGS INC-A,FNF.US/USD,Outros
FIDELITY NATIONAL FINANCIAL,FIDELITY NATIONAL FINANCIAL,FOXA.US/USD,Outros
TWENTY-FIRST CENTURY FOX-A,TWENTY-FIRST CENTURY FOX-A,FP.FR/EUR,Outros
Total SA,TOTAL SA,FR.FR/EUR,Outros
Valeo SA,VALEO SA,FRA.IDX/EUR,Outros
France 40 Index,FRANCE 40 INDEX,FRE.DE/EUR,Outros
Fresenius SE & Co KGaA,FRESENIUS SE & CO KGAA,FRES.GB/GBX,Outros
Fresnillo PLC,FRESNILLO PLC,FTI.US/USD,Outros
FMC TECHNOLOGIES INC,FMC TECHNOLOGIES INC,FTNT.US/USD,Outros
FORTINET INC,FORTINET INC,FTV.US/USD,Outros
FORTIVE CORP,FORTIVE CORP,FTXG.US/USD,Outros
First Trust Nasdaq Food & BE,FIRST TRUST NASDAQ FOOD & BE,FXI.US/USD,Outros
iShares China Large-Cap ETF,ISHARES CHINA LARGE-CAP ETF,G.IT/EUR,Outros
Assicurazioni Generali Spa,ASSICURAZIONI GENERALI SPA,G.US/USD,Outros
GENPACT LTD,GENPACT LTD,GALP.PT/EUR,Outros
Galp Energia SGPS SA,GALP ENERGIA SGPS SA,GAPB.MX/MXN,Outros
Grupo Aeroportuario del Pacific Sab CV,GRUPO AEROPORTUARIO DEL PACIFIC SAB CV,GAS.CMD/USD,Outros
Natural Gas,NATURAL GAS,GAS.ES/EUR,Outros
Gas Natural SDG SA,GAS NATURAL SDG SA,GBP/AED,Outros
Pound Sterling vs UAE Dirham,POUND STERLING VS UAE DIRHAM,GBP/AUD,Outros
Pound Sterling vs Australian Dollar,POUND STERLING VS AUSTRALIAN DOLLAR,GBP/CAD,Outros
Pound Sterling vs Canadian Dollar,POUND STERLING VS CANADIAN DOLLAR,GBP/CHF,Outros
Pound Sterling vs Swiss Franc,POUND STERLING VS SWISS FRANC,GBP/CNH,Outros
Pound Sterling vs Chinese Yuan,POUND STERLING VS CHINESE YUAN,GBP/CZK,Outros
Pound Sterling vs Czech Koruna,POUND STERLING VS CZECH KORUNA,GBP/DKK,Outros
Pound Sterling vs Danish Krone,POUND STERLING VS DANISH KRONE,GBP/HKD,Outros
Pound Sterling vs Hong Kong Dollar,POUND STERLING VS HONG KONG DOLLAR,GBP/HUF,Outros
Pound Sterling vs Hungarian Forint,POUND STERLING VS HUNGARIAN FORINT,GBP/ILS,Outros
Pound Sterling vs Israeli Shekel,POUND STERLING VS ISRAELI SHEKEL,GBP/MXN,Outros
Pound Sterling vs Mexican Peso,POUND STERLING VS MEXICAN PESO,GBP/NOK,Outros
Pound Sterling vs Norwegian Krone,POUND STERLING VS NORWEGIAN KRONE,GBP/NZD,Outros
Pound Sterling vs New Zealand Dollar,POUND STERLING VS NEW ZEALAND DOLLAR,GBP/PLN,Outros
Pound Sterling vs Zloty,POUND STERLING VS ZLOTY,GBP/RON,Outros
Pound Sterling vs Romanian Leu,POUND STERLING VS ROMANIAN LEU,GBP/SAR,Outros
Pound Sterling vs Saudi Riyal,POUND STERLING VS SAUDI RIYAL,GBP/SEK,Outros
Pound Sterling vs Swedish Krona,POUND STERLING VS SWEDISH KRONA,GBP/SGD,Outros
Pound Sterling vs Singapore Dollar,POUND STERLING VS SINGAPORE DOLLAR,GBP/THB,Outros
Pound Sterling vs Thai Baht,POUND STERLING VS THAI BAHT,GBP/TRY,Outros
Pound Sterling vs Turkish Lira,POUND STERLING VS TURKISH LIRA,GBP/ZAR,Outros
Pound Sterling vs Rand,POUND STERLING VS RAND,GBR.IDX/GBP,Outros
FTSE 100 Index,FTSE 100 INDEX,GCARSOA1.MX/MXN,Outros
Grupo Carso Sab De CV,GRUPO CARSO SAB DE CV,GCC.MX/MXN,Outros
Grupo Cementos de Chihuahua,GRUPO CEMENTOS DE CHIHUAHUA,GD.US/USD,Outros
GENERAL DYNAMICS CORP,GENERAL DYNAMICS CORP,GDDY.US/USD,Outros
GODADDY INC - CLASS A,GODADDY INC - CLASS A,GDX.US/USD,Outros
VanEck Vectors Gold Miners ETF,VANECK VECTORS GOLD MINERS ETF,GDXJ.US/USD,Outros
VanEck Vectors Junior Gold Miners ETF,VANECK VECTORS JUNIOR GOLD MINERS ETF,GE.US/USD,Outros
GENERAL ELECTRIC CO,GENERAL ELECTRIC CO,GETIB.SE/SEK,Outros
Getinge AB,GETINGE AB,GFNORTEO.MX/MXN,Outros
Grupo Financiero Banorte O,GRUPO FINANCIERO BANORTE O,GGG.US/USD,Outros
GRACO INC,GRACO INC,GH.US/USD,Outros
GUARDANT HEALTH INC,GUARDANT HEALTH INC,GILD.US/USD,Outros
GILEAD SCIENCES INC,GILEAD SCIENCES INC,GIS.US/USD,Outros
GENERAL MILLS INC,GENERAL MILLS INC,GIVN.CH/CHF,Outros
Givaudan SA,GIVAUDAN SA,GL.US/USD,Outros
GLOBE LIFE INC,GLOBE LIFE INC,GLD.US/USD,Outros
SPDR Gold Shares ETF,SPDR GOLD SHARES ETF,GLE.FR/EUR,Outros
Societe Generale SA,SOCIETE GENERALE SA,GLEN.GB/GBX,Outros
Glencore PLC,GLENCORE PLC,GLGG.GB/GBX,Outros
L&G Clean Water,L&G CLEAN WATER,GLPI.US/USD,Outros
GAMING AND LEISURE PROPERTIE,GAMING AND LEISURE PROPERTIE,GLW.US/USD,Outros
CORNING INC,CORNING INC,GM.US/USD,Outros
GENERAL MOTORS CO,GENERAL MOTORS CO,GMEXICOB.MX/MXN,Outros
Grupo Mexico SAB DE CV SER B,GRUPO MEXICO SAB DE CV SER B,GNRC.US/USD,Outros
GENERAC HOLDINGS INC,GENERAC HOLDINGS INC,GOOG.US/USD,Outros
ALPHABET INC-CL C,ALPHABET INC-CL C,GOOGL.US/USD,Outros
ALPHABET INC-CL A,ALPHABET INC-CL A,GPN.US/USD,Outros
GLOBAL PAYMENTS INC,GLOBAL PAYMENTS INC,GPS.US/USD,Outros
GAP INC/THE,GAP INCTHE,GRF.ES/EUR,Outros
GRIFOLS SA,GRIFOLS SA,GRUMAB.MX/MXN,Outros
Gruma SA BB,GRUMA SA BB,GS.US/USD,Outros
GOLDMAN SACHS GROUP INC,GOLDMAN SACHS GROUP INC,GSK.GB/GBX,Outros
GlaxoSmithKline PLC,GLAXOSMITHKLINE PLC,H.US/USD,Outros
HYATT HOTELS CORP - CL A,HYATT HOTELS CORP - CL A,HAL.US/USD,Outros
HALLIBURTON CO,HALLIBURTON CO,HBI.US/USD,Outros
HANESBRANDS INC,HANESBRANDS INC,HCA.US/USD,Outros
HCA HEALTHCARE INC,HCA HEALTHCARE INC,HCN.US/USD,Outros
WELLTOWER INC,WELLTOWER INC,HCP.US/USD,Outros
HD.US/USD,HD,HOME DEPOT INC,Outros
HEI.DE/EUR,HEI,HeidelbergCement AG,Outros
HEI.US/USD,HEI,HEICO CORP,Outros
HEIA.NL/EUR,HEIA,Heineken NV,Outros
HEN3.DE/EUR,HEN3,Henkel AG & Co KGaA,Outros
HES.US/USD,HES,HFG.DE/EUR,Outros
HELLOFRESH SE,HELLOFRESH SE,HII.US/USD,Outros
HUNTINGTON INGALLS INDUSTRIE,HUNTINGTON INGALLS INDUSTRIE,HIK.GB/GBX,Outros
HIKMA PHARMACEUTICALS PLC,HIKMA PHARMACEUTICALS PLC,HKD/CZK,Outros
Hong Kong Dollar vs Czech Koruna,HONG KONG DOLLAR VS CZECH KORUNA,HKD/HUF,Outros
Hong Kong Dollar vs Hungarian Forint,HONG KONG DOLLAR VS HUNGARIAN FORINT,HKD/JPY,Outros
Hong Kong Dollar vs Yen,HONG KONG DOLLAR VS YEN,HKD/MXN,Outros
Hong Kong Dollar vs Mexican Peso,HONG KONG DOLLAR VS MEXICAN PESO,HKD/THB,Outros
Hong Kong Dollar vs Thai Baht,HONG KONG DOLLAR VS THAI BAHT,HKD/TRY,Outros
Hong Kong Dollar vs Turkish Lira,HONG KONG DOLLAR VS TURKISH LIRA,HKD/ZAR,Outros
Hong Kong Dollar vs Rand,HONG KONG DOLLAR VS RAND,HKG.IDX/HKD,Outros
Hong Kong Index,HONG KONG INDEX,HLMA.GB/GBX,Outros
HALMA PLC,HALMA PLC,HLT.US/USD,Outros
HILTON WORLDWIDE HOLDINGS IN,HILTON WORLDWIDE HOLDINGS IN,HMB.SE/SEK,Outros
Hennes & Mauritz AB,HENNES & MAURITZ AB,HMSO.GB/GBX,Outros
Hammerson PLC,HAMMERSON PLC,HNR.DE/EUR,Outros
Hannover Rueckversicheru-Reg,HANNOVER RUECKVERSICHERU-REG,HO.FR/EUR,Outros
THALES SA,THALES SA,HOG.US/USD,Outros
HARLEY-DAVIDSON INC,HARLEY-DAVIDSON INC,HON.US/USD,Outros
HONEYWELL INTERNATIONAL INC,HONEYWELL INTERNATIONAL INC,HPE.US/USD,Outros
HEWLETT PACKARD ENTERPRISE,HEWLETT PACKARD ENTERPRISE,HPQ.US/USD,Outros
HP INC,HP INC,HSBA.GB/GBX,Outros
HSBC Holdings PLC,HSBC HOLDINGS PLC,HTA.US/USD,Outros
HEALTHCARE TRUST OF AME-CL A,HEALTHCARE TRUST OF AME-CL A,HUBB.US/USD,Outros
HUBBELL INC,HUBBELL INC,HUBS.US/USD,Outros
HUBSPOT INC,HUBSPOT INC,HUM.US/USD,Outros
HUMANA INC,HUMANA INC,HWM.US/USD,Outros
HOWMET AEROSPACE INC,HOWMET AEROSPACE INC,IAG.GB/GBX,Outros
International Consolidated Airlines Grou,INTERNATIONAL CONSOLIDATED AIRLINES GROU,IBB.US/USD,Outros
iShares Nasdaq Biotechnology ETF,ISHARES NASDAQ BIOTECHNOLOGY ETF,IBE.ES/EUR,Outros
Iberdrola SA,IBERDROLA SA,IBKR.US/USD,Outros
INTERACTIVE BROKERS GRO-CL A,INTERACTIVE BROKERS GRO-CL A,IBM.US/USD,Outros
INTL BUSINESS MACHINES CORP,INTL BUSINESS MACHINES CORP,ICE.US/USD,Outros
INTERCONTINENTAL EXCHANGE IN,INTERCONTINENTAL EXCHANGE IN,ICP.GB/GBX,Outros
INTERMEDIATE CAPITAL GROUP,INTERMEDIATE CAPITAL GROUP,IDXX.US/USD,Outros
IDEXX LABORATORIES INC,IDEXX LABORATORIES INC,IEF.US/USD,Outros
iShares 7-10 Year Treasury Bond ETF,ISHARES 7-10 YEAR TREASURY BOND ETF,IEX.US/USD,Outros
IDEX CORP,IDEX CORP,IFX.DE/EUR,Outros
Infineon Technologies AG,INFINEON TECHNOLOGIES AG,IG.IT/EUR,Outros
Italgas Spa,ITALGAS SPA,IGLN.US/USD,Outros
iShares Physical Gold ETC - IGLN,ISHARES PHYSICAL GOLD ETC - IGLN,IHG.GB/GBX,Outros
InterContinental Hotels Group PLC,INTERCONTINENTAL HOTELS GROUP PLC,III.GB/GBX,Outros
3i Group PLC,3I GROUP PLC,IJH.US/USD,Outros
iShares Core S&P Mid-Cap ETF,ISHARES CORE S&P MID-CAP ETF,IJR.US/USD,Outros
iShares Core S&P Small-Cap ETF,ISHARES CORE S&P SMALL-CAP ETF,ILMN.US/USD,Outros
ILLUMINA INC,ILLUMINA INC,ILS/AED,Outros
Israeli Shekel vs UAE Dirham,ISRAELI SHEKEL VS UAE DIRHAM,ILS/CNH,Outros
Israeli Shekel vs Chinese Yuan,ISRAELI SHEKEL VS CHINESE YUAN,ILS/CZK,Outros
Israeli Shekel vs Czech Koruna,ISRAELI SHEKEL VS CZECH KORUNA,ILS/HKD,Outros
Israeli Shekel vs Hong Kong Dollar,ISRAELI SHEKEL VS HONG KONG DOLLAR,ILS/HUF,Outros
Israeli Shekel vs Hungarian Forint,ISRAELI SHEKEL VS HUNGARIAN FORINT,ILS/JPY,Outros
Israeli Shekel vs Yen,ISRAELI SHEKEL VS YEN,ILS/MXN,Outros
Israeli Shekel vs Mexican Peso,ISRAELI SHEKEL VS MEXICAN PESO,ILS/RON,Outros
Israeli Shekel vs Romanian Leu,ISRAELI SHEKEL VS ROMANIAN LEU,ILS/SAR,Outros
Israeli Shekel vs Saudi Riyal,ISRAELI SHEKEL VS SAUDI RIYAL,ILS/THB,Outros
Israeli Shekel vs Thai Baht,ISRAELI SHEKEL VS THAI BAHT,ILS/TRY,Outros
Israeli Shekel vs Turkish Lira,ISRAELI SHEKEL VS TURKISH LIRA,ILS/ZAR,Outros
Israeli Shekel vs Rand,ISRAELI SHEKEL VS RAND,IMT.GB/GBX,Outros
Imperial Brands PLC,IMPERIAL BRANDS PLC,INCY.US/USD,Outros
INCYTE CORP,INCYTE CORP,INGA.NL/EUR,Outros
ING Groep NV,ING GROEP NV,INTC.US/USD,Outros
INTEL CORP,INTEL CORP,INTL.GB/GBX,Outros
WisdomTree Artificial Intelligence UCITS ETF,WISDOMTREE ARTIFICIAL INTELLIGENCE UCITS ETF,INTU.US/USD,Outros
INTUIT INC,INTUIT INC,INVEB.SE/SEK,Outros
Investor AB,INVESTOR AB,INVH.US/USD,Outros
INVITATION HOMES INC,INVITATION HOMES INC,INW.IT/EUR,Outros
Infrastrutture Wireless Italiane Spa,INFRASTRUTTURE WIRELESS ITALIANE SPA,IONS.US/USD,Outros
IONIS PHARMACEUTICALS INC,IONIS PHARMACEUTICALS INC,IPG.US/USD,Outros
INTERPUBLIC GROUP OF COS INC,INTERPUBLIC GROUP OF COS INC,IPGP.US/USD,Outros
IPG PHOTONICS CORP,IPG PHOTONICS CORP,IQV.US/USD,Outros
IQVIA HOLDINGS INC,IQVIA HOLDINGS INC,IR.US/USD,Outros
INGERSOLL-RAND INC,INGERSOLL-RAND INC,ISP.IT/EUR,Outros
Intesa Sanpaolo Spa,INTESA SANPAOLO SPA,ISRG.US/USD,Outros
INTUITIVE SURGICAL INC,INTUITIVE SURGICAL INC,IT.US/USD,Outros
GARTNER INC,GARTNER INC,ITA.IDX/EUR,Outros
Italy 40 Index,ITALY 40 INDEX,ITRK.GB/GBX,Outros
Intertek Group PLC,INTERTEK GROUP PLC,ITUB.US/USD,Outros
Itau Unibanco Holding S.A. isin=US4655621062,ITAU UNIBANCO HOLDING S,ITV.GB/GBX,Outros
ITV PLC,ITV PLC,ITW.US/USD,Outros
ILLINOIS TOOL WORKS,ILLINOIS TOOL WORKS,ITX.ES/EUR,Outros
Inditex SA,INDITEX SA,IUFS.US/USD,Outros
iShares S&P 500 Financial Sector UCITS ETF (LSE),ISHARES S&P 500 FINANCIAL SECTOR UCITS ETF (LSE),IVE.US/USD,Outros
iShares S&P 500 Value ETF,ISHARES S&P 500 VALUE ETF,IVW.US/USD,Outros
iShares S&P 500 Growth ETF,ISHARES S&P 500 GROWTH ETF,IVZ.US/USD,Outros
INVESCO LTD,INVESCO LTD,IWD.US/USD,Outros
iShares Russell 1000 Value ETF,ISHARES RUSSELL 1000 VALUE ETF,IWF.US/USD,Outros
iShares Russell 1000 Growth ETF,ISHARES RUSSELL 1000 GROWTH ETF,IWM.US/USD,Outros
iShares Russell 2000 ETF,ISHARES RUSSELL 2000 ETF,JAZZ.US/USD,Outros
JAZZ PHARMACEUTICALS PLC,JAZZ PHARMACEUTICALS PLC,JBLU.US/USD,Outros
JETBLUE AIRWAYS CORP,JETBLUE AIRWAYS CORP,JCI.US/USD,Outros
JOHNSON CONTROLS INC,JOHNSON CONTROLS INC,JEF.US/USD,Outros
JEFFERIES FINANCIAL GROUP IN,JEFFERIES FINANCIAL GROUP IN,JETS.US/USD,Outros
US Global Jets ETF,US GLOBAL JETS ETF,JKHY.US/USD,Outros
JACK HENRY & ASSOCIATES INC,JACK HENRY & ASSOCIATES INC,JLL.US/USD,Outros
JONES LANG LASALLE INC,JONES LANG LASALLE INC,JNJ.US/USD,Outros
JOHNSON & JOHNSON,JOHNSON & JOHNSON,JNK.US/USD,Outros
SPDR Barclays Capital High Yield Bond ETF,SPDR BARCLAYS CAPITAL HIGH YIELD BOND ETF,JPM.US/USD,Outros
JPMORGAN CHASE & CO,JPMORGAN CHASE & CO,JPN.IDX/JPY,Outros
Japan 200+ Index,JAPAN 200+ INDEX,JPY/HUF,Outros
Yen vs Hungarian Forint,YEN VS HUNGARIAN FORINT,JUVE.IT/EUR,Outros
Juventus Football Club Spa,JUVENTUS FOOTBALL CLUB SPA,JWN.US/USD,Outros
K.US/USD,K,KELLOGG CO,Outros
KBC.BE/EUR,KBC,KBC Groep NV,Outros
KER.FR/EUR,KER,Kering,Outros
KEY.US/USD,KEY,KEYCORP,Outros
KEYS.US/USD,KEYS,KEYSIGHT TECHNOLOGIES IN,Outros
KGF.GB/GBX,KGF,Kingfisher PLC,Outros
KHC.US/USD,KHC,KRAFT HEINZ CO/THE,Outros
KIE.US/USD,KIE,SPDR S&P Insureance ETF,Outros
KIMBERA.MX/MXN,KIMBERA,Kimberly Clark DE Mexico A,Outros
KMB.US/USD,KMB,KIMBERLY-CLARK CORP,Outros
KMI.US/USD,KMI,KINDER MORGAN INC,Outros
KMX.US/USD,KMX,CARMAX INC,Outros
KNIN.CH/CHF,KNIN,Kuehne + Nagel International AG,Outros
KNX.US/USD,KNX,KNIGHT-SWIFT TRANSPORTATION,Outros
KO.US/USD,KO,COCA-COLA CO/THE,Outros
KOFUBL.MX/MXN,KOFUBL,Coca Cola Femsa Sab,Outros
KPN.NL/EUR,KPN,Koninklijke KPN NV,Outros
KR.US/USD,KR,KROGER CO,Outros
KRC.US/USD,KRC,KILROY REALTY CORP,Outros
KRE.US/USD,KRE,SPDR S&P Regional Banking,Outros
KRX.IE/EUR,KRX,Kingspan Group Plc,Outros
KRZ.IE/EUR,KRZ,Kerry Group Plc,Outros
KSS.US/USD,KSS,KOHLS CORP,Outros
L.US/USD,L,LOEWS CORP,Outros
LABB.MX/MXN,LABB,Genomma Lab Internacional SAB de CV,Outros
LAMR.US/USD,LAMR,LAMAR ADVERTISING CO-A,Outros
LAND.GB/GBX,LAND,Land Securities Group PLC,Outros
LDO.IT/EUR,LDO,Leonardo Spa,Outros
LDOS.US/USD,LDOS,LEIDOS HOLDINGS INC,Outros
LEA.US/USD,LEA,LEAR CORP,Outros
LEN.US/USD,LEN,LENNAR CORP-A,Outros
LGEN.GB/GBX,LGEN,Legal & General Group PLC,Outros
LHA.DE/EUR,LHA,Deutsche Lufthansa AG,Outros
LHN.CH/CHF,LHN,Lafarge Holcim Ltd,Outros
LHX.US/USD,LHX,L3HARRIS TECHNOLOGIES INC,Outros
LI.FR/EUR,LI,Klepierre,Outros
LIGHT.CMD/USD,LIGHT,Light Sweet Crude Oil,Outros
LISP.CH/CHF,LISP,Chocoladefabriken Lindt & Sprungli,Outros
LIVEPOLC1.MX/MXN,LIVEPOLC1,El Puerto de Liverpool,Outros
LKQ.US/USD,LKQ,LKQ CORP,Outros
LLOY.GB/GBX,LLOY,Lloyds Banking Group PLC,Outros
LLY.US/USD,LLY,ELI LILLY & CO,Outros
LMT.US/USD,LMT,LOCKHEED MARTIN CORP,Outros
LNC.US/USD,LNC,LINCOLN NATIONAL CORP,Outros
LNG.US/USD,LNG,CHENIERE ENERGY INC,Outros
LNK/USD,LNKUSD,Chainlink vs US Dollar,Outros
LNT.US/USD,LNT,ALLIANT ENERGY CORP,Outros
LOGN.CH/CHF,LOGN,Logitech International SA,Outros
LONN.CH/CHF,LONN,Lonza Group AG,Outros
LOW.US/USD,LOW,LOWE'S COS INC,Outros
LPLA.US/USD,LPLA,LPL FINANCIAL HOLDINGS INC,Outros
LR.FR/EUR,LR,Legrand SA,Outros
LRCX.US/USD,LRCX,LAM RESEARCH CORP,Outros
LSE.GB/GBX,LSE,London Stock Exchange Group PLC,Outros
LSTR.US/USD,LSTR,LANDSTAR SYSTEM INC,Outros
LTC/CHF,LTCCHF,Litecoin vs Swiss Franc,Outros
LTC/EUR,LTCEUR,Litecoin vs Euro,Outros
LTC/GBP,LTCGBP,Litecoin vs Pound Sterling,Outros
LTC/USD,LTCUSD,Litecoin vs US Dollar,Outros
LULU.US/USD,LULU,LULULEMON ATHLETICA INC,Outros
LUV.US/USD,LUV,SOUTHWEST AIRLINES CO,Outros
LVC.FR/EUR,LVC,Lyxor ETF Leverage CAC 40,Outros
LVS.US/USD,LVS,Las Vegas Sands Corp.,Outros
LW.US/USD,LW,LAMB WESTON HOLDINGS INC,Outros
LXS.DE/EUR,LXS,Lanxess AG,Outros
LYB.US/USD,LYB,LYONDELLBASELL INDU-CL A,Outros
LYFT.US/USD,LYFT,LYFT INC-A,Outros
LYV.US/USD,LYV,LIVE NATION ENTERTAINMENT IN,Outros
LYXBNK.FR/EUR,LYXBNK,Lyxor UCITS ETF STOXX EUROPE 600 Banks,Outros
M.US/USD,M,MACY'S INC,Outros
MA.US/USD,MA,MASTERCARD INC-CLASS A,Outros
MAA.US/USD,MAA,MID-AMERICA APARTMENT COMM,Outros
MAERSKB.DK/DKK,MAERSKB,AP Moeller - Maersk A/S,Outros
MANH.US/USD,MANH,MANHATTAN ASSOCIATES INC,Outros
MAP.ES/EUR,MAP,Mapfre SA,Outros
MAR.US/USD,MAR,MARRIOTT INTERNATIONAL -CL A,Outros
MASI.US/USD,MASI,MASIMO CORP,Outros
MAT.US/USD,MAT,MATTEL INC,Outros
MAT/USD,MATUSD,Polygon vs US Dollar,Outros
MB.IT/EUR,MB,Mediobanca Spa,Outros
MBTN.CH/CHF,MBTN,MC.FR/EUR,Outros
LVMH Moet Hennessy Louis Vuitton SA,LVMH MOET HENNESSY LOUIS VUITTON SA,MCD.US/USD,Outros
MCDONALD'S CORP,MCDONALD'S CORP,MCHP.US/USD,Outros
MICROCHIP TECHNOLOGY INC,MICROCHIP TECHNOLOGY INC,MCK.US/USD,Outros
MCKESSON CORP,MCKESSON CORP,MDB.US/USD,Outros
MONGODB INC,MONGODB INC,MDLZ.US/USD,Outros
MONDELEZ INTERNATIONAL INC-A,MONDELEZ INTERNATIONAL INC-A,MDT.US/USD,Outros
MEDTRONIC PLC,MEDTRONIC PLC,MEGACPO.MX/MXN,Outros
Megacable Holdings SAB de CV,MEGACABLE HOLDINGS SAB DE CV,MET.US/USD,Outros
METLIFE INC,METLIFE INC,MGM.US/USD,Outros
MGM RESORTS INTERNATIONAL,MGM RESORTS INTERNATIONAL,MHG.NO/NOK,Outros
Marine Harvest ASA,MARINE HARVEST ASA,MHK.US/USD,Outros
MOHAWK INDUSTRIES INC,MOHAWK INDUSTRIES INC,MIDD.US/USD,Outros
MIDDLEBY CORP,MIDDLEBY CORP,MKL.US/USD,Outros
MARKEL CORP,MARKEL CORP,MKR/USD,Outros
Maker vs US Dollar,MAKER VS US DOLLAR,MKS.GB/GBX,Outros
Marks & Spencer Group PLC,MARKS & SPENCER GROUP PLC,MKSI.US/USD,Outros
MKS INSTRUMENTS INC,MKS INSTRUMENTS INC,MKTX.US/USD,Outros
MARKETAXESS HOLDINGS INC,MARKETAXESS HOLDINGS INC,ML.FR/EUR,Outros
Michelin SA,MICHELIN SA,MLM.US/USD,Outros
MARTIN MARIETTA MATERIALS,MARTIN MARIETTA MATERIALS,MMM.US/USD,Outros
3M CO,3M CO,MNDI.GB/GBX,Outros
Mondi PLC,MONDI PLC,MNG.GB/GBX,Outros
M&G PLC,M&G PLC,MO.US/USD,Outros
ALTRIA GROUP INC,ALTRIA GROUP INC,MOH.US/USD,Outros
MOLINA HEALTHCARE INC,MOLINA HEALTHCARE INC,MONC.IT/EUR,Outros
Moncler Spa,MONCLER SPA,MPC.US/USD,Outros
MARATHON PETROLEUM CORP,MARATHON PETROLEUM CORP,MPW.US/USD,Outros
MEDICAL PROPERTIES TRUST INC,MEDICAL PROPERTIES TRUST INC,MPWR.US/USD,Outros
MONOLITHIC POWER SYSTEMS INC,MONOLITHIC POWER SYSTEMS INC,MRK.DE/EUR,Outros
Merck KGaA,MERCK KGAA,MRK.US/USD,Outros
MERCK & CO. INC.,MERCK & CO,MRNA.US/USD,Outros
Moderna Inc,MODERNA INC,MRVL.US/USD,Outros
MARVELL TECHNOLOGY INC,MARVELL TECHNOLOGY INC,MS.IT/EUR,Outros
Mediaset Spa,MEDIASET SPA,MS.US/USD,Outros
MORGAN STANLEY,MORGAN STANLEY,MSCI.US/USD,Outros
MSCI INC,MSCI INC,MSFT.US/USD,Outros
MICROSOFT CORP,MICROSOFT CORP,MT.NL/EUR,Outros
ArcelorMittal,ARCELORMITTAL,MTCH.US/USD,Outros
MATCH GROUP INC,MATCH GROUP INC,MTD.US/USD,Outros
METTLER-TOLEDO INTERNATIONAL,METTLER-TOLEDO INTERNATIONAL,MTN.US/USD,Outros
VAIL RESORTS INC,VAIL RESORTS INC,MTX.DE/EUR,Outros
MTU AERO ENGINES AG,MTU AERO ENGINES AG,MU.US/USD,Outros
MICRON TECHNOLOGY INC,MICRON TECHNOLOGY INC,MUV2.DE/EUR,Outros
Muenchener Rueckversicherungs AG,MUENCHENER RUECKVERSICHERUNGS AG,MXN/CZK,Outros
Mexican Peso vs Czech Koruna,MEXICAN PESO VS CZECH KORUNA,MXN/HUF,Outros
Mexican Peso vs Hungarian Forint,MEXICAN PESO VS HUNGARIAN FORINT,MXN/JPY,Outros
Mexican Peso vs Yen,MEXICAN PESO VS YEN,MXN/THB,Outros
Mexican Peso vs Thai Baht,MEXICAN PESO VS THAI BAHT,MXN/TRY,Outros
Mexican Peso vs Turkish Lira,MEXICAN PESO VS TURKISH LIRA,NBIX.US/USD,Outros
NEUROCRINE BIOSCIENCES INC,NEUROCRINE BIOSCIENCES INC,NCLH.US/USD,Outros
NORWEGIAN CRUISE LINE HOLDIN,NORWEGIAN CRUISE LINE HOLDIN,NDA.SE/SEK,Outros
Nordea Bank AB,NORDEA BANK AB,NDSN.US/USD,Outros
NORDSON CORP,NORDSON CORP,NEE.US/USD,Outros
NEXTERA ENERGY INC,NEXTERA ENERGY INC,NEM.US/USD,Outros
NEWMONT MINING CORP,NEWMONT MINING CORP,NES1V.FI/EUR,Outros
Neste OYJ,NESTE OYJ,NESN.CH/CHF,Outros
Nestle SA,NESTLE SA,NFLX.US/USD,Outros
NETFLIX INC,NETFLIX INC,NG.GB/GBX,Outros
National Grid PLC,NATIONAL GRID PLC,NHY.NO/NOK,Outros
Norsk Hydro ASA,NORSK HYDRO ASA,NIO.US/USD,Outros
Nio INC,NIO INC,NKE.US/USD,Outros
NIKE INC -CL B,NIKE INC -CL B,NLD.IDX/EUR,Outros
Netherlands 25 Index,NETHERLANDS 25 INDEX,NLOK.US/USD,Outros
Gen Digital Inc / NORTONLIFELOCK INC,GEN DIGITAL INC  NORTONLIFELOCK INC,NLY.US/USD,Outros
ANNALY CAPITAL MANAGEMENT IN,ANNALY CAPITAL MANAGEMENT IN,NOC.US/USD,Outros
NORTHROP GRUMMAN CORP,NORTHROP GRUMMAN CORP,NOK/AED,Outros
Norwegian Krone vs UAE Dirham,NORWEGIAN KRONE VS UAE DIRHAM,NOK/CNH,Outros
Norwegian Krone vs Chinese Yuan,NORWEGIAN KRONE VS CHINESE YUAN,NOK/CZK,Outros
Norwegian Krone vs Czech Koruna,NORWEGIAN KRONE VS CZECH KORUNA,NOK/DKK,Outros
Norwegian Krone vs Danish Krone,NORWEGIAN KRONE VS DANISH KRONE,NOK/HKD,Outros
Norwegian Krone vs Hong Kong Dollar,NORWEGIAN KRONE VS HONG KONG DOLLAR,NOK/HUF,Outros
Norwegian Krone vs Hungarian Forint,NORWEGIAN KRONE VS HUNGARIAN FORINT,NOK/ILS,Outros
Norwegian Krone vs Israeli Shekel,NORWEGIAN KRONE VS ISRAELI SHEKEL,NOK/JPY,Outros
Norwegian Krone vs Yen,NORWEGIAN KRONE VS YEN,NOK/MXN,Outros
Norwegian Krone vs Mexican Peso,NORWEGIAN KRONE VS MEXICAN PESO,NOK/RON,Outros
Norwegian Krone vs Romanian Leu,NORWEGIAN KRONE VS ROMANIAN LEU,NOK/SAR,Outros
Norwegian Krone vs Saudi Riyal,NORWEGIAN KRONE VS SAUDI RIYAL,NOK/SEK,Outros
Norwegian Krone vs Swedish Krona,NORWEGIAN KRONE VS SWEDISH KRONA,NOK/THB,Outros
Norwegian Krone vs Thai Baht,NORWEGIAN KRONE VS THAI BAHT,NOK/TRY,Outros
Norwegian Krone vs Turkish Lira,NORWEGIAN KRONE VS TURKISH LIRA,NOK/ZAR,Outros
Norwegian Krone vs Rand,NORWEGIAN KRONE VS RAND,NOVN.CH/CHF,Outros
Novartis AG,NOVARTIS AG,NOVOB.DK/DKK,Outros
Novo Nordisk A/S,NOVO NORDISK AS,NOW.US/USD,Outros
SERVICENOW INC,SERVICENOW INC,NRE1V.FI/EUR,Outros
Nokian Renkaat OYJ,NOKIAN RENKAAT OYJ,NRG.US/USD,Outros
NRG ENERGY INC,NRG ENERGY INC,NSC.US/USD,Outros
NORFOLK SOUTHERN CORP,NORFOLK SOUTHERN CORP,NTNX.US/USD,Outros
NUTANIX INC - A,NUTANIX INC - A,NVDA.US/USD,Outros
NVIDIA CORP,NVIDIA CORP,NWL.US/USD,Outros
NEWELL BRANDS INC,NEWELL BRANDS INC,NWS.US/USD,Outros
NEWS CORP - CLASS B,NEWS CORP - CLASS B,NXST.US/USD,Outros
NEXSTAR MEDIA GROUP INC-CL A,NEXSTAR MEDIA GROUP INC-CL A,NXT.GB/GBX,Outros
Next PLC,NEXT PLC,NYT.US/USD,Outros
NEW YORK TIMES CO-A,NEW YORK TIMES CO-A,NZD/AED,Outros
New Zealand Dollar vs UAE Dirham,NEW ZEALAND DOLLAR VS UAE DIRHAM,NZD/CAD,Outros
New Zealand Dollar vs Canadian Dollar,NEW ZEALAND DOLLAR VS CANADIAN DOLLAR,NZD/CHF,Outros
New Zealand Dollar vs Swiss Franc,NEW ZEALAND DOLLAR VS SWISS FRANC,NZD/CNH,Outros
New Zealand Dollar vs Chinese Yuan,NEW ZEALAND DOLLAR VS CHINESE YUAN,NZD/CZK,Outros
New Zealand Dollar vs Czech Koruna,NEW ZEALAND DOLLAR VS CZECH KORUNA,NZD/DKK,Outros
New Zealand Dollar vs Danish Krone,NEW ZEALAND DOLLAR VS DANISH KRONE,NZD/HKD,Outros
New Zealand Dollar vs Hong Kong Dollar,NEW ZEALAND DOLLAR VS HONG KONG DOLLAR,NZD/HUF,Outros
New Zealand Dollar vs Hungarian Forint,NEW ZEALAND DOLLAR VS HUNGARIAN FORINT,NZD/ILS,Outros
New Zealand Dollar vs Israeli Shekel,NEW ZEALAND DOLLAR VS ISRAELI SHEKEL,NZD/JPY,Outros
New Zealand Dollar vs Yen,NEW ZEALAND DOLLAR VS YEN,NZD/MXN,Outros
New Zealand Dollar vs Mexican Peso,NEW ZEALAND DOLLAR VS MEXICAN PESO,NZD/NOK,Outros
New Zealand Dollar vs Norwegian Krone,NEW ZEALAND DOLLAR VS NORWEGIAN KRONE,NZD/PLN,Outros
New Zealand Dollar vs Zloty,NEW ZEALAND DOLLAR VS ZLOTY,NZD/RON,Outros
New Zealand Dollar vs Romanian Leu,NEW ZEALAND DOLLAR VS ROMANIAN LEU,NZD/SAR,Outros
New Zealand Dollar vs Saudi Riyal,NEW ZEALAND DOLLAR VS SAUDI RIYAL,NZD/SEK,Outros
New Zealand Dollar vs Swedish Krona,NEW ZEALAND DOLLAR VS SWEDISH KRONA,NZD/SGD,Outros
New Zealand Dollar vs Singapore Dollar,NEW ZEALAND DOLLAR VS SINGAPORE DOLLAR,NZD/THB,Outros
New Zealand Dollar vs Thai Baht,NEW ZEALAND DOLLAR VS THAI BAHT,NZD/TRY,Outros
New Zealand Dollar vs Turkish Lira,NEW ZEALAND DOLLAR VS TURKISH LIRA,NZD/USD,Outros
New Zealand Dollar vs US Dollar,NEW ZEALAND DOLLAR VS US DOLLAR,NZD/ZAR,Outros
New Zealand Dollar vs Rand,NEW ZEALAND DOLLAR VS RAND,NZYMB.DK/DKK,Outros
Novozymes A/S,NOVOZYMES AS,O.US/USD,Outros
REALTY INCOME CORP,REALTY INCOME CORP,OC.US/USD,Outros
OWENS CORNING,OWENS CORNING,OCDO.GB/GBX,Outros
OCADO GROUP PLC,OCADO GROUP PLC,ODFL.US/USD,Outros
OLD DOMINION FREIGHT LINE,OLD DOMINION FREIGHT LINE,OERL.CH/CHF,Outros
OC Oerlikon Corporation,OC OERLIKON CORPORATION,OGE.US/USD,Outros
OGE ENERGY CORP,OGE ENERGY CORP,OGN.US/USD,Outros
ORGANON & CO,ORGANON & CO,OHI.US/USD,Outros
OMEGA HEALTHCARE INVESTORS,OMEGA HEALTHCARE INVESTORS,OJUICE.CMD/USX,Outros
Orange Juice,ORANGE JUICE,OKE.US/USD,Outros
ONEOK INC,ONEOK INC,OKTA.US/USD,Outros
OKTA INC,OKTA INC,OLED.US/USD,Outros
UNIVERSAL DISPLAY CORP,UNIVERSAL DISPLAY CORP,OLLI.US/USD,Outros
OLLIE'S BARGAIN OUTLET HOLDI,OLLIE'S BARGAIN OUTLET HOLDI,OLN.US/USD,Outros
OLIN CORP,OLIN CORP,OMAB.MX/MXN,Outros
Grupo Aeroportuario del Centro Norte,GRUPO AEROPORTUARIO DEL CENTRO NORTE,OMC.US/USD,Outros
OMNICOM GROUP,OMNICOM GROUP,OMF.US/USD,Outros
ONEMAIN HOLDINGS INC,ONEMAIN HOLDINGS INC,ON.US/USD,Outros
ON SEMICONDUCTOR,ON SEMICONDUCTOR,OR.FR/EUR,Outros
L'Oreal SA,L'OREAL SA,ORA.FR/EUR,Outros
Orange SA,ORANGE SA,ORBIA.MX/MXN,Outros
Orbia Advance Corp SAB DE CV,ORBIA ADVANCE CORP SAB DE CV,ORCL.US/USD,Outros
ORACLE CORP,ORACLE CORP,ORK.NO/NOK,Outros
Orkla ASA,ORKLA ASA,ORLY.US/USD,Outros
O'REILLY AUTOMOTIVE INC,O'REILLY AUTOMOTIVE INC,OTE1V.FI/EUR,Outros
Outotec OYJ,OUTOTEC OYJ,OTIS.US/USD,Outros
OTIS WORLDWIDE CORP,OTIS WORLDWIDE CORP,OUT1V.FI/EUR,Outros
Outokumpu OYJ,OUTOKUMPU OYJ,OXY.US/USD,Outros
OCCIDENTAL PETROLEUM CORP,OCCIDENTAL PETROLEUM CORP,PAH3.DE/EUR,Outros
Porsche Automobil Holding SE,PORSCHE AUTOMOBIL HOLDING SE,PANW.US/USD,Outros
PALO ALTO NETWORKS INC,PALO ALTO NETWORKS INC,PARA.US/USD,Outros
PAYC.US/USD,PAYC,PAYCOM SOFTWARE INC,Outros
PAYX.US/USD,PAYX,PAYCHEX INC,Outros
PBF.US/USD,PBF,PBF ENERGY INC-CLASS A,Outros
PBJ.US/USD,PBJ,Invesco Food & Beverage ETF,Outros
PBR.US/USD,PBR,Petroleo Brasileiro S.A.,Outros
PCAR.US/USD,PCAR,PACCAR INC,Outros
PCG.US/USD,PCG,P G & E CORP,Outros
PCLN.US/USD,PCLN,PRICELINE GROUP INC/THE,Outros
PCTY.US/USD,PCTY,PAYLOCITY HOLDING CORP,Outros
PEAK.US/USD,PEAK,HEALTHPEAK PROPERTIES INC,Outros
PEJ.US/USD,PEJ,Invesco LEISURE & ENTERTAINMENT,Outros
PENN.US/USD,PENN,PENN NATIONAL GAMING INC,Outros
PEOLES.MX/MXN,PEOLES,Industrias Penoles SAB DE CV,Outros
PEP.US/USD,PEP,PEPSICO INC,Outros
PFC.GB/GBX,PFC,PFE.US/USD,Outros
PFIZER INC,PFIZER INC,PG.US/USD,Outros
PROCTER & GAMBLE CO/THE,PROCTER & GAMBLE COTHE,PGR.US/USD,Outros
PROGRESSIVE CORP,PROGRESSIVE CORP,PH.US/USD,Outros
PARKER HANNIFIN CORP,PARKER HANNIFIN CORP,PHIA.NL/EUR,Outros
Koninklijke Philips NV,KONINKLIJKE PHILIPS NV,PHNX.GB/GBX,Outros
PHOENIX GROUP HOLDINGS PLC,PHOENIX GROUP HOLDINGS PLC,PIA.IT/EUR,Outros
Piaggio & C. Spa,PIAGGIO & C,PII.US/USD,Outros
POLARIS INC,POLARIS INC,PINFRA.MX/MXN,Outros
Promotora Y Operadora DE INF,PROMOTORA Y OPERADORA DE INF,PKG.US/USD,Outros
PACKAGING CORP OF AMERICA,PACKAGING CORP OF AMERICA,PLN.IDX/PLN,Outros
Poland 20 Index,POLAND 20 INDEX,PLN/AED,Outros
Zloty vs UAE Dirham,ZLOTY VS UAE DIRHAM,PLN/CNH,Outros
Zloty vs Chinese Yuan,ZLOTY VS CHINESE YUAN,PLN/CZK,Outros
Zloty vs Czech Koruna,ZLOTY VS CZECH KORUNA,PLN/DKK,Outros
Zloty vs Danish Krone,ZLOTY VS DANISH KRONE,PLN/HKD,Outros
Zloty vs Hong Kong Dollar,ZLOTY VS HONG KONG DOLLAR,PLN/HUF,Outros
Zloty vs Hungarian Forint,ZLOTY VS HUNGARIAN FORINT,PLN/ILS,Outros
Zloty vs Israeli Shekel,ZLOTY VS ISRAELI SHEKEL,PLN/JPY,Outros
Zloty vs Yen,ZLOTY VS YEN,PLN/MXN,Outros
Zloty vs Mexican Peso,ZLOTY VS MEXICAN PESO,PLN/NOK,Outros
Zloty vs Norwegian Krone,ZLOTY VS NORWEGIAN KRONE,PLN/RON,Outros
Zloty vs Romanian Leu,ZLOTY VS ROMANIAN LEU,PLN/SAR,Outros
Zloty vs Saudi Riyal,ZLOTY VS SAUDI RIYAL,PLN/SEK,Outros
Zloty vs Swedish Krona,ZLOTY VS SWEDISH KRONA,PLN/THB,Outros
Zloty vs Thai Baht,ZLOTY VS THAI BAHT,PLN/TRY,Outros
Zloty vs Turkish Lira,ZLOTY VS TURKISH LIRA,PLN/ZAR,Outros
Zloty vs Rand,ZLOTY VS RAND,PLNT.US/USD,Outros
PLANET FITNESS INC - CL A,PLANET FITNESS INC - CL A,PLTR.US/USD,Outros
Palantir Technologies Inc. (Class A),PALANTIR TECHNOLOGIES INC,PLUG.US/USD,Outros
Plug Power Inc,PLUG POWER INC,PM.US/USD,Outros
PHILIP MORRIS INTERNATIONAL,PHILIP MORRIS INTERNATIONAL,PNC.US/USD,Outros
PNC FINANCIAL SERVICES GROUP,PNC FINANCIAL SERVICES GROUP,PNDORA.DK/DKK,Outros
Pandora A/S,PANDORA AS,PNR.US/USD,Outros
PENTAIR PLC,PENTAIR PLC,PODD.US/USD,Outros
INSULET CORP,INSULET CORP,POOL.US/USD,Outros
POOL CORP,POOL CORP,PPA.US/USD,Outros
Invesco Aerospace & Defense,INVESCO AEROSPACE & DEFENSE,PRGO.US/USD,Outros
PERRIGO CO PLC,PERRIGO CO PLC,PRU.GB/GBX,Outros
Prudential PLC,PRUDENTIAL PLC,PRU.US/USD,Outros
PRUDENTIAL FINANCIAL INC,PRUDENTIAL FINANCIAL INC,PRY.IT/EUR,Outros
Prysmian Spa,PRYSMIAN SPA,PSA.US/USD,Outros
PUBLIC STORAGE,PUBLIC STORAGE,PSM.DE/EUR,Outros
ProSiebenSat.1 Media AG,PROSIEBENSAT,PSN.GB/GBX,Outros
Persimmon PLC,PERSIMMON PLC,PSON.GB/GBX,Outros
Pearson PLC,PEARSON PLC,PSTG.US/USD,Outros
PURE STORAGE INC - CLASS A,PURE STORAGE INC - CLASS A,PTC.US/USD,Outros
PTC INC,PTC INC,PTEN.US/USD,Outros
PATTERSON-UTI ENERGY INC,PATTERSON-UTI ENERGY INC,PTON.US/USD,Outros
Peloton Interactive Inc,PELOTON INTERACTIVE INC,PUB.FR/EUR,Outros
Publicis Groupe SA,PUBLICIS GROUPE SA,PUM.DE/EUR,Outros
PUMA SE,PUMA SE,PVH.US/USD,Outros
PVH CORP,PVH CORP,PYPL.US/USD,Outros
PAYPAL HOLDINGS INC,PAYPAL HOLDINGS INC,Q.MX/MXN,Outros
Qualitas Controladora SAB,QUALITAS CONTROLADORA SAB,QCOM.US/USD,Outros
QUALCOMM INC,QUALCOMM INC,QIA.NL/EUR,Outros
QIAGEN N.V.,QIAGEN N,QQQ.US/USD,Outros
PowerShares QQQ ETF,POWERSHARES QQQ ETF,QRVO.US/USD,Outros
QORVO INC,QORVO INC,RA.MX/MXN,Outros
Regional Sab De CV,REGIONAL SAB DE CV,RACE.IT/EUR,Outros
Ferrari NV,FERRARI NV,RAND.NL/EUR,Outros
Randstad Holding NV,RANDSTAD HOLDING NV,RB.GB/GBX,Outros
Reckitt Benckiser Group PLC,RECKITT BENCKISER GROUP PLC,RBI.AT/EUR,Outros
Raiffeisen Bank International AG,RAIFFEISEN BANK INTERNATIONAL AG,RBS.GB/GBX,Outros
Royal Bank of Scotland Group PLC,ROYAL BANK OF SCOTLAND GROUP PLC,RCL.US/USD,Outros
ROYAL CARIBBEAN CRUISES LTD,ROYAL CARIBBEAN CRUISES LTD,RDSA.NL/EUR,Outros
Royal Dutch Shell PLC,ROYAL DUTCH SHELL PLC,RDSB.GB/GBX,Outros
Royal Dutch Shell PLC,ROYAL DUTCH SHELL PLC,RE.US/USD,Outros
EVEREST RE GROUP LTD,EVEREST RE GROUP LTD,REC.IT/EUR,Outros
Salvatore Ferragamo S.p.A.,SALVATORE FERRAGAMO S,REG.US/USD,Outros
REGENCY CENTERS CORP,REGENCY CENTERS CORP,REGN.US/USD,Outros
REGENERON PHARMACEUTICALS,REGENERON PHARMACEUTICALS,REL.GB/GBX,Outros
RELX PLC,RELX PLC,REP.ES/EUR,Outros
Repsol SA,REPSOL SA,RF.US/USD,Outros
REGIONS FINANCIAL CORP,REGIONS FINANCIAL CORP,RGA.US/USD,Outros
REINSURANCE GROUP OF AMERICA,REINSURANCE GROUP OF AMERICA,RGLD.US/USD,Outros
ROYAL GOLD INC,ROYAL GOLD INC,RI.FR/EUR,Outros
Pernod-Ricard SA,PERNOD-RICARD SA,RIO.GB/GBX,Outros
Rio Tinto PLC,RIO TINTO PLC,RJF.US/USD,Outros
RAYMOND JAMES FINANCIAL INC,RAYMOND JAMES FINANCIAL INC,RMD.US/USD,Outros
RESMED INC,RESMED INC,RMS.FR/EUR,Outros
HERMES INTERNATIONAL,HERMES INTERNATIONAL,RMV.GB/GBX,Outros
RIGHTMOVE PLC,RIGHTMOVE PLC,RNG.US/USD,Outros
RINGCENTRAL INC-CLASS A,RINGCENTRAL INC-CLASS A,RNO.FR/EUR,Outros
Renault SA,RENAULT SA,RNR.US/USD,Outros
RENAISSANCERE HOLDINGS LTD,RENAISSANCERE HOLDINGS LTD,ROBO.US/USD,Outros
ROBO Global Robotics and Automation Index ETF,ROBO GLOBAL ROBOTICS AND AUTOMATION INDEX ETF,ROG.CH/CHF,Outros
Roche Holding AG,ROCHE HOLDING AG,ROKU.US/USD,Outros
Roku Inc,ROKU INC,ROL.US/USD,Outros
ROLLINS INC,ROLLINS INC,RON/CNH,Outros
Romanian Leu vs Chinese Yuan,ROMANIAN LEU VS CHINESE YUAN,RON/CZK,Outros
Romanian Leu vs Czech Koruna,ROMANIAN LEU VS CZECH KORUNA,RON/HKD,Outros
Romanian Leu vs Hong Kong Dollar,ROMANIAN LEU VS HONG KONG DOLLAR,RON/HUF,Outros
Romanian Leu vs Hungarian Forint,ROMANIAN LEU VS HUNGARIAN FORINT,RON/JPY,Outros
Romanian Leu vs Yen,ROMANIAN LEU VS YEN,RON/MXN,Outros
Romanian Leu vs Mexican Peso,ROMANIAN LEU VS MEXICAN PESO,RON/THB,Outros
Romanian Leu vs Thai Baht,ROMANIAN LEU VS THAI BAHT,RON/TRY,Outros
Romanian Leu vs Turkish Lira,ROMANIAN LEU VS TURKISH LIRA,RON/ZAR,Outros
Romanian Leu vs Rand,ROMANIAN LEU VS RAND,ROST.US/USD,Outros
ROSS STORES INC,ROSS STORES INC,RPM.US/USD,Outros
RPM INTERNATIONAL INC,RPM INTERNATIONAL INC,RR.GB/GBX,Outros
Rolls-Royce Holdings PLC,ROLLS-ROYCE HOLDINGS PLC,RRC.US/USD,Outros
RANGE RESOURCES CORP,RANGE RESOURCES CORP,RRX.US/USD,Outros
REGAL REXNORD CORP,REGAL REXNORD CORP,RS.US/USD,Outros
RELIANCE STEEL & ALUMINUM,RELIANCE STEEL & ALUMINUM,RTO.GB/GBX,Outros
RENTOKIL INITIAL PLC,RENTOKIL INITIAL PLC,RTX.US/USD,Outros
RAYTHEON TECHNOLOGIES CORP,RAYTHEON TECHNOLOGIES CORP,RWE.DE/EUR,Outros
RWE AG,RWE AG,RY4C.IE/EUR,Outros
Ryanair Holdings Plc,RYANAIR HOLDINGS PLC,SABR.US/USD,Outros
SABRE CORP,SABRE CORP,SAF.FR/EUR,Outros
Safran SA,SAFRAN SA,SAN.ES/EUR,Outros
Banco Santander SA,BANCO SANTANDER SA,SAN.FR/EUR,Outros
Sanofi,SANOFI,SAND.SE/SEK,Outros
Sandvik AB,SANDVIK AB,SAP.DE/EUR,Outros
SAP AG,SAP AG,SAR/CNH,Outros
Saudi Riyal vs Chinese Yuan,SAUDI RIYAL VS CHINESE YUAN,SAR/CZK,Outros
Saudi Riyal vs Czech Koruna,SAUDI RIYAL VS CZECH KORUNA,SAR/HKD,Outros
Saudi Riyal vs Hong Kong Dollar,SAUDI RIYAL VS HONG KONG DOLLAR,SAR/HUF,Outros
Saudi Riyal vs Hungarian Forint,SAUDI RIYAL VS HUNGARIAN FORINT,SAR/JPY,Outros
Saudi Riyal vs Yen,SAUDI RIYAL VS YEN,SAR/MXN,Outros
Saudi Riyal vs Mexican Peso,SAUDI RIYAL VS MEXICAN PESO,SAR/RON,Outros
Saudi Riyal vs Romanian Leu,SAUDI RIYAL VS ROMANIAN LEU,SAR/THB,Outros
Saudi Riyal vs Thai Baht,SAUDI RIYAL VS THAI BAHT,SAR/TRY,Outros
Saudi Riyal vs Turkish Lira,SAUDI RIYAL VS TURKISH LIRA,SAR/ZAR,Outros
Saudi Riyal vs Rand,SAUDI RIYAL VS RAND,SBRY.GB/GBX,Outros
J Sainsbury PLC,J SAINSBURY PLC,SBUX.US/USD,Outros
STARBUCKS CORP,STARBUCKS CORP,SCAB.SE/SEK,Outros
Svenska Cellulosa AB,SVENSKA CELLULOSA AB,SCCO.US/USD,Outros
SOUTHERN COPPER CORP,SOUTHERN COPPER CORP,SCHW.US/USD,Outros
SCHWAB (CHARLES) CORP,SCHWAB (CHARLES) CORP,SCI.US/USD,Outros
SERVICE CORP INTERNATIONAL,SERVICE CORP INTERNATIONAL,SCMN.CH/CHF,Outros
Swisscom AG,SWISSCOM AG,SDF.DE/EUR,Outros
K+S AG,K+S AG,SDR.GB/GBX,Outros
Schroders PLC,SCHRODERS PLC,SEBA.SE/SEK,Outros
Skandinaviska Enskilda Banken AB,SKANDINAVISKA ENSKILDA BANKEN AB,SECUB.SE/SEK,Outros
Securitas AB,SECURITAS AB,SEDG.US/USD,Outros
SOLAREDGE TECHNOLOGIES INC,SOLAREDGE TECHNOLOGIES INC,SEIC.US/USD,Outros
SEI INVESTMENTS COMPANY,SEI INVESTMENTS COMPANY,SEK/AED,Outros
Swedish Krona vs UAE Dirham,SWEDISH KRONA VS UAE DIRHAM,SEK/CNH,Outros
Swedish Krona vs Chinese Yuan,SWEDISH KRONA VS CHINESE YUAN,SEK/CZK,Outros
Swedish Krona vs Czech Koruna,SWEDISH KRONA VS CZECH KORUNA,SEK/DKK,Outros
Swedish Krona vs Danish Krone,SWEDISH KRONA VS DANISH KRONE,SEK/HKD,Outros
Swedish Krona vs Hong Kong Dollar,SWEDISH KRONA VS HONG KONG DOLLAR,SEK/HUF,Outros
Swedish Krona vs Hungarian Forint,SWEDISH KRONA VS HUNGARIAN FORINT,SEK/ILS,Outros
Swedish Krona vs Israeli Shekel,SWEDISH KRONA VS ISRAELI SHEKEL,SEK/JPY,Outros
Swedish Krona vs Yen,SWEDISH KRONA VS YEN,SEK/MXN,Outros
Swedish Krona vs Mexican Peso,SWEDISH KRONA VS MEXICAN PESO,SEK/RON,Outros
Swedish Krona vs Romanian Leu,SWEDISH KRONA VS ROMANIAN LEU,SEK/SAR,Outros
Swedish Krona vs Saudi Riyal,SWEDISH KRONA VS SAUDI RIYAL,SEK/THB,Outros
Swedish Krona vs Thai Baht,SWEDISH KRONA VS THAI BAHT,SEK/TRY,Outros
Swedish Krona vs Turkish Lira,SWEDISH KRONA VS TURKISH LIRA,SEK/ZAR,Outros
Swedish Krona vs Rand,SWEDISH KRONA VS RAND,SEMI.GB/GBP,Outros
iShares MSCI Global Semiconductors UCITS ETF (London),ISHARES MSCI GLOBAL SEMICONDUCTORS UCITS ETF (LONDON),SFER.IT/EUR,Outros
Salvatore Ferragamo S.p.A.,SALVATORE FERRAGAMO S,SFM.US/USD,Outros
SPROUTS FARMERS MARKET INC,SPROUTS FARMERS MARKET INC,SGD.IDX/SGD,Outros
Singapore Blue Chip Cash Index,SINGAPORE BLUE CHIP CASH INDEX,SGD/AED,Outros
Singapore Dollar vs UAE Dirham,SINGAPORE DOLLAR VS UAE DIRHAM,SGD/CNH,Outros
Singapore Dollar vs Chinese Yuan,SINGAPORE DOLLAR VS CHINESE YUAN,SGD/CZK,Outros
Singapore Dollar vs Czech Koruna,SINGAPORE DOLLAR VS CZECH KORUNA,SGD/DKK,Outros
Singapore Dollar vs Danish Krone,SINGAPORE DOLLAR VS DANISH KRONE,SGD/HKD,Outros
Singapore Dollar vs Hong Kong Dollar,SINGAPORE DOLLAR VS HONG KONG DOLLAR,SGD/HUF,Outros
Singapore Dollar vs Hungarian Forint,SINGAPORE DOLLAR VS HUNGARIAN FORINT,SGD/ILS,Outros
Singapore Dollar vs Israeli Shekel,SINGAPORE DOLLAR VS ISRAELI SHEKEL,SGD/JPY,Outros
Singapore Dollar vs Yen,SINGAPORE DOLLAR VS YEN,SGD/MXN,Outros
Singapore Dollar vs Mexican Peso,SINGAPORE DOLLAR VS MEXICAN PESO,SGD/NOK,Outros
Singapore Dollar vs Norwegian Krone,SINGAPORE DOLLAR VS NORWEGIAN KRONE,SGD/PLN,Outros
Singapore Dollar vs Zloty,SINGAPORE DOLLAR VS ZLOTY,SGD/RON,Outros
Singapore Dollar vs Romanian Leu,SINGAPORE DOLLAR VS ROMANIAN LEU,SGD/SAR,Outros
Singapore Dollar vs Saudi Riyal,SINGAPORE DOLLAR VS SAUDI RIYAL,SGD/SEK,Outros
Singapore Dollar vs Swedish Krona,SINGAPORE DOLLAR VS SWEDISH KRONA,SGD/THB,Outros
Singapore Dollar vs Thai Baht,SINGAPORE DOLLAR VS THAI BAHT,SGD/TRY,Outros
Singapore Dollar vs Turkish Lira,SINGAPORE DOLLAR VS TURKISH LIRA,SGD/ZAR,Outros
Singapore Dollar vs Rand,SINGAPORE DOLLAR VS RAND,SGE.GB/GBX,Outros
Sage Group PLC/The,SAGE GROUP PLCTHE,SGLD.US/USD,Outros
Invesco Physical Gold ETC,INVESCO PHYSICAL GOLD ETC,SGO.FR/EUR,Outros
Cie de St-Gobain,CIE DE ST-GOBAIN,SGRO.GB/GBX,Outros
SEGRO PLC,SEGRO PLC,SGSN.CH/CHF,Outros
SGS SA,SGS SA,SHW.US/USD,Outros
SHERWIN-WILLIAMS CO/THE,SHERWIN-WILLIAMS COTHE,SIE.DE/EUR,Outros
Siemens AG,SIEMENS AG,SJM.US/USD,Outros
JM SMUCKER CO/THE,JM SMUCKER COTHE,SKAB.SE/SEK,Outros
Skanska AB,SKANSKA AB,SKFB.SE/SEK,Outros
SKF AB,SKF AB,SLA.GB/GBX,Outros
Standard Life Aberdeen Plc,STANDARD LIFE ABERDEEN PLC,SLB.US/USD,Outros
SCHLUMBERGER LTD,SCHLUMBERGER LTD,SLHN.CH/CHF,Outros
Swiss Life Holding AG,SWISS LIFE HOLDING AG,SLM.US/USD,Outros
SLM CORP,SLM CORP,SLV.US/USD,Outros
iShares Silver Trust ETF,ISHARES SILVER TRUST ETF,SMDS.GB/GBX,Outros
SMH.US/USD,SMH,VanEck Semiconductors UCITS ETF,Outros
SMIN.GB/GBX,SMIN,Smiths Group PLC,Outros
SMT.GB/GBX,SMT,SCOTTISH MORTGAGE INV TR PLC,Outros
SMTC.US/USD,SMTC,USD Deposit Interest Rates vs US Dollar,Outros
SN.GB/GBX,SN,Smith & Nephew PLC,Outros
SNAP.US/USD,SNAP,SNAP Inc.,Outros
SNOW.US/USD,SNOW,Snowflake Inc. (Class A),Outros
SNPS.US/USD,SNPS,SYNOPSYS INC,Outros
SO.US/USD,SO,SOUTHERN CO/THE,Outros
SOA.IDX/ZAR,SOA,South Africa 40 Index,Outros
SOLB.BE/EUR,SOLB,Solvay SA,Outros
SOON.CH/CHF,SOON,Sonova Holding AG,Outros
SOYBEAN.CMD/USX,SOYBEAN,Soybean,Outros
SPG.US/USD,SPG,SIMON PROPERTY GROUP INC,Outros
SPGI.US/USD,SPGI,S&P GLOBAL INC,Outros
SPM.IT/EUR,SPM,SAIPEM Spa,Outros
SPOT.US/USD,SPOT,SPOTIFY TECHNOLOGY SA,Outros
SPR.US/USD,SPR,SPIRIT AEROSYSTEMS HOLD-CL A,Outros
SPX.GB/GBX,SPX,SPIRAX-SARCO ENGINEERING PLC,Outros
SPY.US/USD,SPY,SPDR S&P 500 ETF,Outros
SQ.US/USD,SQ,Square Inc,Outros
SREN.CH/CHF,SREN,Swiss Re AG,Outros
SRG.IT/EUR,SRG,Snam Spa,Outros
SRPT.US/USD,SRPT,SAREPTA THERAPEUTICS INC,Outros
SRT.DE/EUR,SRT,Sartorius AG,Outros
SSE.GB/GBX,SSE,SSE PLC,Outros
SSNC.US/USD,SSNC,SS&C TECHNOLOGIES HOLDINGS,Outros
STAN.GB/GBX,STAN,Standard Chartered PLC,Outros
STE.US/USD,STE,STERIS PLC,Outros
STERV.FI/EUR,STERV,Stora Enso OYJ,Outros
STJ.GB/GBX,STJ,ST JAMES'S PLACE PLC,Outros
STL.NO/NOK,STL,Statoil ASA,Outros
STM.IT/EUR,STM,STMicroelectronics NV,Outros
STT.US/USD,STT,STATE STREET CORP,Outros
STZ.US/USD,STZ,CONSTELLATION BRANDS INC-A,Outros
SU.FR/EUR,SU,Schneider Electric SA,Outros
SUAS.GB/USD,SUAS,iShares Sust MSCI USA SRI,Outros
SUGAR.CMD/USD,SUGAR,Sugar White,Outros
SUI.US/USD,SUI,SUN COMMUNITIES INC,Outros
SUSM.GB/USD,SUSM,iShares MSCI EM SRI UCITS ETF,Outros
SUUS.GB/GBX,SUUS,iShares MSCI USA SRI UCITS ETF,Outros
SVT.GB/GBX,SVT,Severn Trent PLC,Outros
SW.FR/EUR,SW,SODEXO SA,Outros
SWEDA.SE/SEK,SWEDA,Swedbank AB,Outros
SWK.US/USD,SWK,STANLEY BLACK & DECKER INC,Outros
SWKS.US/USD,SWKS,SKYWORKS SOLUTIONS INC,Outros
SY1.DE/EUR,SY1,SYMRISE AG,Outros
SYF.US/USD,SYF,SYNCHRONY FINANCIAL,Outros
SYK.US/USD,SYK,STRYKER CORP,Outros
SYY.US/USD,SYY,SYSCO CORP,Outros
T.US/USD,T,AT&T INC,Outros
TAP.US/USD,TAP,MOLSON COORS BREWING CO -B,Outros
TATE.GB/GBX,TATE,Tate & Lyle PLC,Outros
TDG.US/USD,TDG,TRANSDIGM GROUP INC,Outros
TDY.US/USD,TDY,TELEDYNE TECHNOLOGIES INC,Outros
TEAM.US/USD,TEAM,ATLASSIAN CORP PLC-CLASS A,Outros
TECDAXE.DE/EUR,TECDAXE,iShares TecDAX UCITS DE ETF,Outros
TECH.US/USD,TECH,BIO-TECHNE CORP,Outros
TEF.ES/EUR,TEF,Telefonica SA,Outros
TEL.NO/NOK,TEL,Telenor ASA,Outros
TEL.US/USD,TEL,TE CONNECTIVITY LTD,Outros
TEL2B.SE/SEK,TEL2B,Tele2 AB,Outros
TEMN.CH/CHF,TEMN,Temenos Group AG,Outros
TEN.IT/EUR,TEN,Tenaris SA,Outros
TEVA.US/USD,TEVA,TEVA PHARMACEUTICAL-SP ADR,Outros
TFC.US/USD,TFC,TRUIST FINANCIAL CORP,Outros
TFX.US/USD,TFX,TELEFLEX INC,Outros
TGT.US/USD,TGT,TARGET CORP,Outros
THB/HUF,THBHUF,Thai Baht vs Hungarian Forint,Outros
THB/JPY,THBJPY,Thai Baht vs Yen,Outros
TIT.IT/EUR,TIT,Telecom Italia Spa,Outros
TJX.US/USD,TJX,TJX COMPANIES INC,Outros
TKA.DE/EUR,TKA,ThyssenKrupp AG,Outros
TLS1V.FI/EUR,TLS1V,Telia Company AB,Outros
TLSN.SE/SEK,TLSN,Telia Company AB,Outros
TLT.US/USD,TLT,iShares 20+ Year Treasury Bond ETF,Outros
TLW.GB/GBX,TLW,Tullow Oil PLC,Outros
TMO.US/USD,TMO,THERMO FISHER SCIENTIFIC INC,Outros
TMUS.US/USD,TMUS,T-MOBILE US INC,Outros
TOL.US/USD,TOL,TOLL BROTHERS INC,Outros
TPK.GB/GBX,TPK,Travis Perkins PLC,Outros
TPR.US/USD,TPR,TAPESTRY INC,Outros
TPX.US/USD,TPX,TEMPUR SEALY INTERNATIONAL I,Outros
TRGP.US/USD,TRGP,TARGA RESOURCES CORP,Outros
TRMB.US/USD,TRMB,TRIMBLE INC,Outros
TRN.IT/EUR,TRN,Terna Spa,Outros
TROW.US/USD,TROW,T ROWE PRICE GROUP INC,Outros
TRU.US/USD,TRU,TRANSUNION,Outros
TRV.US/USD,TRV,TRAVELERS COS INC/THE,Outros
TRX/USD,TRXUSD,TRON vs US Dollar,Outros
TRY/HUF,TRYHUF,Turkish Lira vs Hungarian Forint,Outros
TRY/JPY,TRYJPY,Turkish Lira vs Yen,Outros
TRY/THB,TRYTHB,Turkish Lira vs Thai Baht,Outros
TSCO.GB/GBX,TSCO,Tesco PLC,Outros
TSLA.US/USD,TSLA,TESLA MOTORS INC,Outros
TSM.US/USD,TSM,Taiwan Semiconductor Manufacturing Company Limited,Outros
TSN.US/USD,TSN,TYSON FOODS INC-CL A,Outros
TT.US/USD,TT,TRANE TECHNOLOGIES PLC,Outros
TTD.US/USD,TTD,TRADE DESK INC/THE -CLASS A,Outros
TTWO.US/USD,TTWO,TAKE-TWO INTERACTIVE SOFTWRE,Outros
TUI1.DE/EUR,TUI1,TUI AG,Outros
TW.GB/GBX,TW,TAYLOR WIMPEY PLC,Outros
TWLO.US/USD,TWLO,TWILIO INC - A,Outros
TXN.US/USD,TXN,TEXAS INSTRUMENTS INC,Outros
TYL.US/USD,TYL,TYLER TECHNOLOGIES INC,Outros
UA.US/USD,UA,UNDER ARMOUR INC-CLASS C,Outros
UAA.US/USD,UAA,UNDER ARMOUR INC-CLASS A,Outros
UAL.US/USD,UAL,UNITED AIRLINES HOLDINGS INC,Outros
UBER.US/USD,UBER,Uber Technologies Inc.,Outros
UBSG.CH/CHF,UBSG,UBS Group AG,Outros
UCB.BE/EUR,UCB,UCB SA,Outros
UCG.IT/EUR,UCG,UniCredit Spa,Outros
UDR.US/USD,UDR,UDR INC,Outros
UG.FR/EUR,UG,UGI.US/USD,Outros
UGI CORP,UGI CORP,UHR.CH/CHF,Outros
Swatch Group AG/The,SWATCH GROUP AGTHE,UHRN.CH/CHF,Outros
Swatch Group AG (The Registered),SWATCH GROUP AG (THE REGISTERED),UHS.US/USD,Outros
UNIVERSAL HEALTH SERVICES-B,UNIVERSAL HEALTH SERVICES-B,UKGILT.TR/GBP,Outros
UK Long Gilt,UK LONG GILT,ULTA.US/USD,Outros
ULTA SALON COSMETICS & FRAGR,ULTA SALON COSMETICS & FRAGR,ULVR.GB/GBX,Outros
Unilever PLC,UNILEVER PLC,UMI.BE/EUR,Outros
Umicore SA,UMICORE SA,UNA.NL/EUR,Outros
UNH.US/USD,UNH,UNITEDHEALTH GROUP INC,Outros
UNI/USD,UNIUSD,Uniswap vs US Dollar,Outros
UNP.US/USD,UNP,UNION PACIFIC CORP,Outros
UPS.US/USD,UPS,UNITED PARCEL SERVICE-CL B,Outros
URI.US/USD,URI,UNITED RENTALS INC,Outros
USA30.IDX/USD,USA30,US 30 Index,Outros
USA500.IDX/USD,USA500,US 500 Index,Outros
USATECH.IDX/USD,USATECH,US 100 Tech Index,Outros
USB.US/USD,USB,US BANCORP,Outros
USD/CAD,USDCAD,US Dollar vs Canadian Dollar,Outros
USD/CNH,USDCNH,US Dollar vs Chinese Yuan,Outros
USD/CZK,USDCZK,US Dollar vs Czech Koruna,Outros
USD/DKK,USDDKK,US Dollar vs Danish Krone,Outros
USD/HKD,USDHKD,US Dollar vs Hong Kong Dollar,Outros
USD/HUF,USDHUF,US Dollar vs Hungarian Forint,Outros
USD/ILS,USDILS,US Dollar vs Israeli Shekel,Outros
USD/MXN,USDMXN,US Dollar vs Mexican Peso,Outros
USD/NOK,USDNOK,US Dollar vs Norwegian Krone,Outros
USD/PLN,USDPLN,US Dollar vs Zloty,Outros
USD/RON,USDRON,US Dollar vs Romanian Leu,Outros
USD/SEK,USDSEK,US Dollar vs Swedish Krona,Outros
USD/SGD,USDSGD,US Dollar vs Singapore Dollar,Outros
USD/THB,USDTHB,US Dollar vs Thai Baht,Outros
USD/TRY,USDTRY,US Dollar vs Turkish Lira,Outros
USD/ZAR,USDZAR,US Dollar vs Rand,Outros
USFD.US/USD,USFD,US FOODS HOLDING CORP,Outros
USO.US/USD,USO,United States Oil,Outros
USSC2000.IDX/USD,USSC2000,US Small Cap 2000,Outros
USTBOND.TR/USD,USTBOND,US T-Bond,Outros
UTHR.US/USD,UTHR,UNITED THERAPEUTICS CORP,Outros
UU.GB/GBX,UU,United Utilities Group PLC,Outros
V.US/USD,V,VISA INC-CLASS A SHARES,Outros
VALE.US/USD,VALE,Vale S.A.,Outros
VDE.US/USD,VDE,Vanguard Energy ETF,Outros
VEA.US/USD,VEA,Vanguard FTSE Developed Markets ETF,Outros
VEEV.US/USD,VEEV,VEEVA SYSTEMS INC-CLASS A,Outros
VFC.US/USD,VFC,VF CORP,Outros
VGK.US/USD,VGK,Vanguard FTSE Europe ETF,Outros
VICI.US/USD,VICI,VICI PROPERTIES INC,Outros
VIE.FR/EUR,VIE,Veolia Environnement SA,Outros
VIRT.US/USD,VIRT,VIRTU FINANCIAL INC-CLASS A,Outros
VIS.ES/EUR,VIS,Viscofan SA,Outros
VIV.FR/EUR,VIV,Vivendi SA,Outros
VK.FR/EUR,VK,Vallourec SA,Outros
VLO.US/USD,VLO,VALERO ENERGY CORP,Outros
VNA.DE/EUR,VNA,Vonovia SE,Outros
VNQ.US/USD,VNQ,Vanguard REIT ETF,Outros
VOD.GB/GBX,VOD,Vodafone Group PLC,Outros
VOE.AT/EUR,VOE,Voestalpine AG,Outros
VOL.IDX/USD,VOL,Volatility Index,Outros
VOLARA.MX/MXN,VOLARA,Controladora Vuela Comp de Aviacion,Outros
VOLVB.SE/SEK,VOLVB,Volvo AB,Outros
VOW3.DE/EUR,VOW3,Volkswagen AG,Outros
VPK.NL/EUR,VPK,Koninklijke Vopak NV,Outros
VRTX.US/USD,VRTX,VERTEX PHARMACEUTICALS INC,Outros
VST.US/USD,VST,VISTRA CORP,Outros
VTRS.US/USD,VTRS,VIATRIS INC,Outros
VUKG.GB/GBP,VUKG,Vanguard FTSE 1000 UCITS ETF,Outros
VWRP.GB/GBP,VWRP,Vanguard FTSE All-World UCITS ETF,Outros
VWS.DK/DKK,VWS,Vestas Wind Systems A/S,Outros
VXX.US/USD,VXX,iPath S&P 500 VIX B SERIES CFD,Outros
VZ.US/USD,VZ,VERIZON COMMUNICATIONS INC,Outros
W.US/USD,W,WAYFAIR INC- CLASS A,Outros
WAB.US/USD,WAB,WABTEC CORP,Outros
WAL.US/USD,WAL,WESTERN ALLIANCE BANCORP,Outros
WALMEX.MX/MXN,WALMEX,Walmart De Mexico SAB,Outros
WBA.US/USD,WBA,WBD.IT/EUR,Outros
WeBuild Spa,WEBUILD SPA,WBS.US/USD,Outros
WEBSTER FINANCIAL CORP,WEBSTER FINANCIAL CORP,WDAY.US/USD,Outros
WORKDAY INC-CLASS A,WORKDAY INC-CLASS A,WDC.US/USD,Outros
WESTERN DIGITAL CORP,WESTERN DIGITAL CORP,WEIR.GB/GBX,Outros
Weir Group PLC/The,WEIR GROUP PLCTHE,WEN.US/USD,Outros
WENDY'S CO/THE,WENDY'S COTHE,WEX.US/USD,Outros
WEX INC,WEX INC,WFC.US/USD,Outros
WELLS FARGO & CO,WELLS FARGO & CO,WH.US/USD,Outros
WYNDHAM HOTELS & RESORTS INC,WYNDHAM HOTELS & RESORTS INC,WHR.US/USD,Outros
WHIRLPOOL CORP,WHIRLPOOL CORP,WKL.NL/EUR,Outros
Wolters Kluwer NV,WOLTERS KLUWER NV,WLK.US/USD,Outros
WESTLAKE CORP,WESTLAKE CORP,WMT.US/USD,Outros
WAL-MART STORES INC,WAL-MART STORES INC,WOS.GB/GBX,Outros
Wolseley PLC,WOLSELEY PLC,WPC.US/USD,Outros
WP CAREY INC,WP CAREY INC,WPP.GB/GBX,Outros
WPP PLC,WPP PLC,WRB.US/USD,Outros
WR BERKLEY CORP,WR BERKLEY CORP,WSM.US/USD,Outros
WILLIAMS-SONOMA INC,WILLIAMS-SONOMA INC,WSML.GB/USD,Outros
Ishares III PLC - Ishares Msci World Small Cap UCITS ETF,ISHARES III PLC - ISHARES MSCI WORLD SMALL CAP UCITS ETF,WSO.US/USD,Outros
WATSCO INC,WATSCO INC,WST.US/USD,Outros
WEST PHARMACEUTICAL SERVICES,WEST PHARMACEUTICAL SERVICES,WTAI.US/USD,Outros
WisdomTree Artificial Intelligence UCITS ETF - USD Acc,WISDOMTREE ARTIFICIAL INTELLIGENCE UCITS ETF - USD ACC,WTB.GB/GBX,Outros
Whitbread PLC,WHITBREAD PLC,WTRG.US/USD,Outros
ESSENTIAL UTILITIES INC,ESSENTIAL UTILITIES INC,WTW.US/USD,Outros
WILLIS TOWERS WATSON PLC,WILLIS TOWERS WATSON PLC,WWD.US/USD,Outros
WOODWARD INC,WOODWARD INC,WYNN.US/USD,Outros
WYNN RESORTS LTD,WYNN RESORTS LTD,X.US/USD,Outros
XAG/AED,XAGAED,Silver vs UAE Dirham,Outros
XAG/AUD,XAGAUD,Silver vs Australian Dollar,Outros
XAG/CAD,XAGCAD,Silver vs Canadian Dollar,Outros
XAG/CHF,XAGCHF,Silver vs Swiss Franc,Outros
XAG/CNH,XAGCNH,Silver vs Chinese Yuan,Outros
XAG/CZK,XAGCZK,Silver vs Czech Koruna,Outros
XAG/DKK,XAGDKK,Silver vs Danish Krone,Outros
XAG/EUR,XAGEUR,Silver vs Euro,Outros
XAG/GBP,XAGGBP,Silver vs Pound Sterling,Outros
XAG/HKD,XAGHKD,Silver vs Hong Kong Dollar,Outros
XAG/HUF,XAGHUF,Silver vs Hungarian Forint,Outros
XAG/ILS,XAGILS,Silver vs Israeli Shekel,Outros
XAG/JPY,XAGJPY,Silver vs Yen,Outros
XAG/MXN,XAGMXN,Silver vs Mexican Peso,Outros
XAG/NOK,XAGNOK,Silver vs Norwegian Krone,Outros
XAG/NZD,XAGNZD,Silver vs New Zealand Dollar,Outros
XAG/PLN,XAGPLN,Silver vs Zloty,Outros
XAG/RON,XAGRON,Silver vs Romanian Leu,Outros
XAG/SAR,XAGSAR,Silver vs Saudi Riyal,Outros
XAG/SEK,XAGSEK,Silver vs Swedish Krona,Outros
XAG/SGD,XAGSGD,Silver vs Singapore Dollar,Outros
XAG/THB,XAGTHB,Silver vs Thai Baht,Outros
XAG/TRY,XAGTRY,Silver vs Turkish Lira,Outros
XAG/ZAR,XAGZAR,Silver vs Rand,Outros
XAU/AED,XAUAED,Gold vs UAE Dirham,Outros
XAU/AUD,XAUAUD,Gold vs Australian Dollar,Outros
XAU/CAD,XAUCAD,Gold vs Canadian Dollar,Outros
XAU/CHF,XAUCHF,Gold vs Swiss Franc,Outros
XAU/CNH,XAUCNH,Gold vs Chinese Yuan,Outros
XAU/CZK,XAUCZK,Gold vs Czech Koruna,Outros
XAU/DKK,XAUDKK,Gold vs Danish Krone,Outros
XAU/EUR,XAUEUR,Gold vs Euro,Outros
XAU/GBP,XAUGBP,Gold vs Pound Sterling,Outros
XAU/HKD,XAUHKD,Gold vs Hong Kong Dollar,Outros
XAU/HUF,XAUHUF,Gold vs Hungarian Forint,Outros
XAU/ILS,XAUILS,Gold vs Israeli Shekel,Outros
XAU/JPY,XAUJPY,Gold vs Yen,Outros
XAU/MXN,XAUMXN,Gold vs Mexican Peso,Outros
XAU/NOK,XAUNOK,Gold vs Norwegian Krone,Outros
XAU/NZD,XAUNZD,Gold vs New Zealand Dollar,Outros
XAU/PLN,XAUPLN,Gold vs Zloty,Outros
XAU/RON,XAURON,Gold vs Romanian Leu,Outros
XAU/SAR,XAUSAR,Gold vs Saudi Riyal,Outros
XAU/SEK,XAUSEK,Gold vs Swedish Krona,Outros
XAU/SGD,XAUSGD,Gold vs Singapore Dollar,Outros
XAU/THB,XAUTHB,Gold vs Thai Baht,Outros
XAU/TRY,XAUTRY,Gold vs Turkish Lira,Outros
XAU/XAG,XAUXAG,Gold vs Silver,Outros
XAU/ZAR,XAUZAR,Gold vs Rand,Outros
XDER.GB/GBX,XDER,Xtrackers FTSE Developed Europe Real Estate UCITS,Outros
XDWH.US/USD,XDWH,Xtrackers MSCI World Health Care UCITS ETF 1C,Outros
XDWT.US/USD,XDWT,Xtrackers MSCI World Information Technology UCITS ETF 1C,Outros
XLE.US/USD,XLE,Energy Select Sector SPDR Fund,Outros
XLF.US/USD,XLF,Financial Select Sector SPDR Fund,Outros
XLI.US/USD,XLI,Industrial Select Sector SPDR Fund,Outros
XLK.US/USD,XLK,Technology Select Sector SPDR Fund,Outros
XLM/CHF,XLMCHF,XLM - Stellar vs Swiss Franc,Outros
XLM/EUR,XLMEUR,XLM - Stellar vs Euro,Outros
XLM/GBP,XLMGBP,XLM - Stellar vs Pound Sterling,Outros
XLM/USD,XLMUSD,XLM - Stellar vs US Dollar,Outros
XLP.US/USD,XLP,Consumer Staples Select Sector SPDR Fund,Outros
XLU.US/USD,XLU,Utilities Select Sector SPDR Fund,Outros
XLV.US/USD,XLV,Health Care Select Sector SPDR Fund,Outros
XLY.US/USD,XLY,Consumer Discretionary Select Sector SPDR Fund,Outros
XNAQ.GB/GBP,XNAQ,Xtrackers Nasdaq 100,Outros
XOM.US/USD,XOM,EXXON MOBIL CORP,Outros
XOP.US/USD,XOP,SPDR S&P Oil & Gas Explor & Prodtn ETF,Outros
XPD.CMD/USD,XPD,Palladium,Outros
XPEV.US/USD,XPEV,Xpeng Inc ADR,Outros
XPO.US/USD,XPO,XPO LOGISTICS INC,Outros
XPT.CMD/USD,XPT,Platinum,Outros
XRES.US/USD,XRES,Invesco Real Estate S&P Select Sector UCITS ETF,Outros
XRP/USD,XRPUSD,Ripple vs US Dollar,Outros
XS6R.GB/GBX,XS6R,Xtrackers MSCI Europe Utilities Screened,Outros
XYL.US/USD,XYL,XYLEM INC,Outros
YFI/USD,YFIUSD,Yearn Finance vs US Dollar,Outros
YUM.US/USD,YUM,YUM! BRANDS INC,Outros
YUMC.US/USD,YUMC,YUM CHINA HOLDINGS INC,Outros
Z.US/USD,Z,ZILLOW GROUP INC - C,Outros
ZAR/CZK,ZARCZK,Rand vs Czech Koruna,Outros
ZAR/HUF,ZARHUF,Rand vs Hungarian Forint,Outros
ZAR/JPY,ZARJPY,Rand vs Yen,Outros
ZAR/MXN,ZARMXN,Rand vs Mexican Peso,Outros
ZAR/THB,ZARTHB,Rand vs Thai Baht,Outros
ZAR/TRY,ZARTRY,Rand vs Turkish Lira,Outros
ZBH.US/USD,ZBH,ZIMMER BIOMET HOLDINGS INC,Outros
ZBRA.US/USD,ZBRA,ZEBRA TECHNOLOGIES CORP-CL A,Outros
ZM.US/USD,ZM,Zoom Video Communications Inc. (Class A),Outros
ZS.US/USD,ZS,ZSCALER INC,Outros
ZTS.US/USD,ZTS,ZOETIS INC,Outros
ZURN.CH/CHF,ZURN,Zurich Insurance Group AG,Outros
